,0
im,881
like,763
dont,654
one,494
people,479
think,457
get,430
know,421
thing,419
really,404
time,395
would,377
http,376
istp,325
ive,309
something,268
well,268
make,263
good,256
much,250
want,248
go,245
friend,239
way,234
say,228
type,217
cant,213
work,209
though,203
lot,199
even,195
pretty,192
need,191
also,182
never,181
feel,180
see,178
always,173
thats,173
day,173
love,171
youre,167
year,162
got,161
someone,160
going,159
life,155
person,153
yeah,152
right,149
look,147
could,144
come,144
first,144
two,143
ill,142
still,140
hundred,139
anything,137
take,136
find,135
back,134
around,134
guy,132
try,130
id,126
usually,125
sure,124
actually,122
question,120
mean,119
maybe,118
istps,116
probably,116
long,115
thought,112
feeling,110
doesnt,107
didnt,105
said,104
might,101
best,100
read,99
give,98
better,96
use,95
bit,91
thousand,91
hate,91
thread,91
different,89
reason,88
problem,88
tell,88
trying,88
last,88
fun,87
done,87
sometimes,87
talk,87
sound,86
kind,86
yes,86
new,86
every,85
girl,85
relationship,85
twenty,84
se,84
job,83
seems,82
school,82
little,81
ever,81
everything,81
part,81
thinking,81
point,81
answer,80
getting,79
keep,79
stuff,79
many,79
guess,77
interesting,77
least,77
idea,76
isnt,76
thanks,75
great,75
let,75
enough,75
seem,74
else,74
nothing,74
bad,73
since,73
rather,73
mind,72
help,72
put,71
post,70
looking,70
fuck,70
ask,69
may,69
used,68
made,68
today,67
hard,67
shit,67
haha,67
game,66
example,65
thank,65
talking,65
ti,63
month,63
cool,62
week,62
test,62
lol,62
end,62
high,62
sense,62
others,62
understand,61
welcome,61
away,61
live,61
using,60
forum,60
everyone,60
situation,60
especially,60
personality,59
oh,59
big,59
ni,59
class,58
theyre,58
anyone,58
change,58
quite,58
nice,57
intp,57
wrong,57
world,57
play,57
either,57
care,56
show,56
agree,56
fit,55
function,55
hell,55
place,55
told,54
along,54
nine,54
exactly,54
another,54
music,54
happy,53
three,53
start,53
went,53
far,53
word,53
saying,53
old,53
enjoy,52
thirty,52
unless,51
group,51
sort,51
fact,51
stop,51
often,51
kid,51
without,51
night,50
movie,50
remember,50
interested,50
mostly,49
crazy,49
mbti,49
car,49
experience,49
wouldnt,49
self,48
book,48
able,48
wanted,48
le,48
weird,48
hour,48
estp,47
real,47
five,47
ago,47
hand,46
act,46
learn,46
issue,46
havent,46
tend,46
four,46
fe,46
relate,45
found,45
certain,45
description,45
wont,45
ten,45
interest,45
computer,45
man,44
almost,44
sport,44
laughing,43
eighty,43
close,43
whole,43
definitely,43
arent,43
call,42
drive,42
took,42
general,42
yet,42
infp,42
alone,42
working,42
hey,41
hi,41
emotional,41
whats,41
started,41
na,40
song,40
head,40
istj,40
course,40
already,40
family,40
kinda,40
true,40
believe,40
emotion,40
female,39
awesome,39
depends,39
next,38
six,38
watch,38
must,38
anyway,38
prefer,38
whatever,38
home,38
sorry,38
intj,38
basically,38
fifty,37
sex,37
wasnt,37
funny,37
picture,37
seventy,37
college,37
shes,37
left,36
social,36
reading,36
cause,36
came,36
sleep,36
however,36
mom,36
seven,36
woman,36
party,35
although,35
leave,35
term,35
control,35
plan,35
moment,35
youve,34
isfp,34
enfp,34
attention,34
theory,34
small,34
sent,34
case,34
etc,34
easy,34
ok,34
house,33
room,33
called,33
damn,33
dear,33
half,33
fucking,33
simple,33
eight,33
tried,33
full,32
totally,32
story,32
favorite,32
playing,32
generally,32
difference,32
past,32
based,32
matter,32
stay,32
infj,32
listen,32
opinion,31
possible,31
mine,31
recently,31
youll,31
run,31
felt,31
happen,31
minute,31
conversation,30
saw,30
making,30
fine,30
tapatalk,30
taking,30
video,30
money,30
name,30
couple,30
personally,30
state,30
completely,30
free,29
side,29
hope,29
perc,29
list,29
second,29
smile,29
art,29
please,29
estj,29
hit,29
personal,29
parent,29
coming,29
hear,29
character,29
bored,28
absolutely,28
wish,28
happens,28
eye,28
turn,28
set,28
strong,28
towards,28
stupid,28
random,28
ninety,28
deal,28
lack,27
except,27
advice,27
food,27
become,27
brother,27
asked,27
seen,27
open,27
similar,27
walk,27
bother,27
write,27
internet,27
watching,27
dream,27
dad,27
together,27
move,27
line,26
level,26
late,26
learned,26
body,26
instead,26
break,26
gon,26
curious,26
country,26
short,26
boring,26
mother,26
degree,26
dog,26
face,26
whether,26
te,26
heard,25
quiet,25
introvert,25
important,25
running,25
view,25
tongue,25
si,25
value,25
style,25
fix,25
response,25
asking,25
okay,25
annoying,25
drink,25
forty,25
rock,24
otherwise,24
entp,24
natural,24
seriously,24
logical,24
figure,24
add,24
information,24
business,23
meet,23
touch,23
fall,23
literally,23
wonder,23
special,23
consider,23
subject,23
fi,23
black,23
honestly,23
likely,23
sixty,23
fear,23
enfj,23
brain,23
age,23
drunk,22
pay,22
lost,22
starting,22
dude,22
wow,22
kill,22
apparently,22
given,22
learning,22
iphone,22
pick,22
hurt,22
sister,22
serious,22
met,22
hair,22
phone,22
physical,22
isfj,22
posted,22
meant,21
wink,21
male,21
taken,21
energy,21
morning,21
system,21
text,21
listening,21
god,21
power,21
due,21
avatar,21
action,21
ne,21
voice,21
particular,21
happened,21
avoid,21
younger,21
mountain,21
argument,21
mood,21
human,21
later,21
topic,20
detail,20
needed,20
future,20
career,20
giving,20
comment,20
fast,20
liked,20
hobby,20
contact,20
skill,20
hang,20
understanding,20
death,20
intps,20
child,20
estps,20
living,20
finally,20
worked,20
common,20
chance,20
behavior,19
easily,19
angry,19
smoke,19
introverted,19
trait,19
buy,19
simply,19
driving,19
fight,19
sp,19
respect,19
normally,19
trust,19
realize,19
top,19
normal,19
joke,19
form,19
hold,19
outside,19
whenever,19
esfj,19
space,19
decided,19
entj,19
stand,19
order,19
known,19
freedom,18
cry,18
image,18
dress,18
waste,18
enneagram,18
truly,18
beat,18
math,18
water,18
currently,18
edit,18
somehow,18
perspective,18
quickly,18
current,18
confused,18
perfect,18
couldnt,18
amount,18
explain,18
healthy,18
bed,18
eighteen,18
lazy,18
wear,18
pain,18
check,18
tv,18
early,18
light,18
watched,18
tomorrow,18
company,18
rarely,18
fire,18
ability,18
knowing,17
share,17
decision,17
band,17
ended,17
wait,17
low,17
inferior,17
quote,17
typing,17
involved,17
trouble,17
knew,17
heart,17
super,17
esfp,17
aspect,17
wondering,17
asshole,17
noticed,17
hot,17
several,17
mistake,17
stick,17
white,17
youd,17
bos,17
mellow,17
decide,17
suck,17
circumstance,17
intjs,17
specific,17
result,17
soon,16
front,16
seeing,16
loop,16
date,16
drinking,16
city,16
gym,16
pro,16
apart,16
focus,16
driver,16
gotten,16
across,16
confident,16
dominant,16
inside,16
choose,16
boyfriend,16
ex,16
doubt,16
option,16
main,16
difficult,16
hug,16
dancing,16
choice,16
cat,16
cold,16
anxiety,16
miss,15
beautiful,15
online,15
quick,15
bullshit,15
certainly,15
anymore,15
obviously,15
fan,15
paper,15
somebody,15
animal,15
season,15
average,15
gave,15
worth,15
limit,15
studying,15
support,15
sign,15
approach,15
wife,15
gone,15
boy,15
forget,15
feeler,15
highly,15
bar,15
project,15
eat,15
language,15
shoe,15
building,15
mental,15
dating,15
shut,15
cognitive,15
laugh,15
men,15
rule,15
stereotype,15
lived,15
build,15
solution,15
semester,15
btw,15
note,15
lately,15
ta,15
according,15
notice,15
dry,15
motivation,15
describe,14
page,14
pic,14
honest,14
affect,14
table,14
busy,14
science,14
speak,14
spend,14
rest,14
interview,14
study,14
behind,14
useless,14
slow,14
huge,14
english,14
club,14
assume,14
hahaha,14
eleven,14
constantly,14
related,14
single,14
nope,14
doctor,14
wan,14
meeting,14
loved,14
sake,14
cut,14
knowledge,14
writing,14
fifteen,14
depressed,14
user,14
bought,14
actual,14
appreciate,14
bring,14
extrovert,14
process,14
easier,14
series,14
follow,14
sit,14
willing,14
count,13
goal,13
reaction,13
putting,13
somewhat,13
ball,13
maintenance,13
physically,13
extremely,13
engineering,13
dance,13
fairly,13
crap,13
suddenly,13
article,13
number,13
offer,13
fair,13
click,13
finding,13
beer,13
individual,13
near,13
kept,13
taste,13
thinker,13
suppose,13
longer,13
handle,13
insane,13
amazing,13
street,13
worse,13
hmm,13
travel,13
factor,13
entirely,13
shift,13
win,13
activity,13
facebook,13
total,13
co,13
spent,13
setting,13
chat,13
worst,13
nobody,13
therefore,13
useful,13
drama,13
born,13
moving,13
following,13
period,13
gf,13
stress,13
typical,13
reality,13
stopped,13
girlfriend,13
non,13
active,13
mainly,13
mile,13
road,13
area,13
effort,13
possibility,13
became,13
die,13
talked,13
aware,13
correct,13
input,13
education,13
walking,13
version,13
lose,13
entire,13
purpose,13
hello,13
original,13
shouldnt,13
compliment,12
truth,12
perhaps,12
twelve,12
photo,12
instinct,12
lead,12
ugh,12
comfort,12
alot,12
stuck,12
nt,12
expect,12
climbing,12
account,12
young,12
law,12
brought,12
university,12
cynical,12
attracted,12
spot,12
speaking,12
field,12
trip,12
fat,12
complete,12
quality,12
store,12
jump,12
possibly,12
indeed,12
reply,12
logic,12
accept,12
necessarily,12
none,12
extreme,12
barely,12
afraid,12
described,12
neither,12
stare,12
everywhere,12
forgot,12
blue,12
park,12
bike,12
accurate,12
force,12
unfortunately,12
final,12
opposite,12
perfectly,12
broke,12
missing,12
married,12
code,11
experienced,11
calling,11
helped,11
sad,11
comfortable,11
upon,11
boat,11
conclusion,11
model,11
plus,11
straight,11
distance,11
apply,11
rare,11
military,11
obvious,11
birthday,11
carry,11
pull,11
base,11
played,11
weekend,11
op,11
awful,11
nature,11
father,11
judging,11
snowboarding,11
schedule,11
scared,11
proud,11
content,11
door,11
eventually,11
student,11
developed,11
message,11
mad,11
alright,11
piece,11
missed,11
acting,11
summer,11
moved,11
earth,11
nf,11
dead,11
older,11
snow,11
imagine,11
besides,11
telling,11
particularly,11
scary,11
worry,11
slowly,11
roommate,11
program,11
waiting,11
bolt,11
major,11
hated,11
office,11
sharing,11
badass,11
assumption,11
profile,10
tool,10
shirt,10
piss,10
exact,10
confidence,10
charge,10
unsure,10
coffee,10
martial,10
regarding,10
nervous,10
episode,10
throw,10
hm,10
mess,10
lady,10
hilarious,10
includes,10
hanging,10
concept,10
excited,10
turned,10
dom,10
event,10
overall,10
youtube,10
werent,10
horrible,10
aggressive,10
interaction,10
score,10
poor,10
machine,10
fourteen,10
posting,10
stressful,10
develop,10
daily,10
ticket,10
speed,10
humor,10
specifically,10
wake,10
grade,10
leaving,10
necessary,10
classic,10
partner,10
yep,10
window,10
aircraft,10
typed,10
gender,10
husband,10
warm,10
intuition,10
catch,10
express,10
anywhere,10
penis,10
considered,10
baby,10
keeping,10
tendency,10
dealing,10
omg,10
tired,10
clear,10
glad,10
clean,10
drawn,10
movement,10
lmao,10
create,10
sexual,10
yesterday,10
robot,10
weed,10
gay,10
genre,10
stranger,10
fake,10
illness,10
suggest,10
9w8,10
higher,10
site,10
alcohol,10
bunch,10
expectation,10
visit,10
match,10
data,10
punch,10
sensing,9
sx,9
gun,9
google,9
zero,9
weve,9
ground,9
gear,9
helpful,9
extroverted,9
wall,9
tough,9
expected,9
wrote,9
society,9
dislike,9
push,9
bear,9
shoot,9
sociopathic,9
intuitive,9
moral,9
extraverted,9
bottom,9
nexus,9
meh,9
calm,9
christian,9
statement,9
laid,9
wing,9
luck,9
smart,9
disorder,9
mechanical,9
cocky,9
annoyed,9
shop,9
fighting,9
realized,9
argue,9
dynamic,9
bitch,9
mention,9
compare,9
forward,9
pattern,9
tear,9
somewhere,9
ice,9
lie,9
frustrating,9
strange,9
hoping,9
website,9
basic,9
team,9
blow,9
teacher,9
sitting,9
police,9
exercise,9
link,9
trail,9
idiot,9
army,9
foot,9
scene,9
desire,9
anyways,9
romantic,9
bothered,9
instance,9
huh,9
seeking,9
dunno,9
unhealthy,9
join,9
air,9
sixteen,9
terrible,9
wanting,9
mate,9
complain,9
deep,9
path,9
pointless,9
habit,9
buddy,9
meaning,9
discussion,9
seventeen,9
respond,9
yea,9
finish,9
tolerance,9
color,9
religion,8
cheese,8
analysis,8
constant,8
fish,8
tho,8
urge,8
opened,8
sexy,8
jerk,8
questionnaire,8
pride,8
hole,8
introduced,8
typically,8
private,8
scenario,8
preference,8
shot,8
loose,8
wise,8
directly,8
programming,8
heavy,8
differently,8
attack,8
intellectual,8
method,8
mechanic,8
majority,8
shake,8
giant,8
key,8
medication,8
drop,8
anger,8
basis,8
negative,8
clothes,8
seek,8
sick,8
laptop,8
fixing,8
supposed,8
begin,8
research,8
history,8
dumb,8
kick,8
chick,8
reasonable,8
german,8
american,8
winter,8
faster,8
annoy,8
challenge,8
coworkers,8
reserved,8
red,8
false,8
heh,8
complex,8
favourite,8
pair,8
continue,8
enjoying,8
french,8
previous,8
swear,8
officer,8
occasionally,8
public,8
managed,8
opportunity,8
jung,8
pa,8
seemed,8
nearly,8
ninja,8
former,8
engine,8
reminds,8
fail,8
finger,8
xd,8
ride,8
regular,8
extra,8
return,8
struggle,8
theyve,8
section,8
changed,8
layer,8
biking,8
metal,8
twice,8
daughter,8
server,8
eating,8
enjoyed,8
intelligence,8
present,8
phrase,8
yup,8
strength,8
admit,8
enfjs,8
wtf,8
evil,8
depending,8
eh,8
blood,8
large,8
race,8
technology,8
ignore,8
communicate,8
limited,8
figured,8
childhood,8
pissed,8
expensive,8
allowed,8
fill,8
ha,8
aside,8
everybody,8
risk,8
looked,8
friendship,8
passive,8
recommend,8
painting,8
cop,8
truck,8
shy,8
holy,8
positive,8
cute,8
boot,8
considering,8
shitty,8
ahead,8
standing,8
teen,8
fascinating,7
primary,7
nightmare,7
yo,7
grow,7
box,7
belief,7
scored,7
wild,7
stubborn,7
flying,7
cousin,7
curiosity,7
soul,7
middle,7
weather,7
million,7
congrats,7
caught,7
friendly,7
touching,7
biggest,7
training,7
gift,7
size,7
ideal,7
trade,7
cooking,7
save,7
dubstep,7
drug,7
hiking,7
define,7
stressed,7
freaking,7
turning,7
journal,7
isfjs,7
courage,7
pc,7
rage,7
length,7
weight,7
quit,7
expression,7
letter,7
fixed,7
mentioned,7
understood,7
allow,7
x97,7
guitar,7
onto,7
designer,7
player,7
combination,7
criminal,7
riding,7
secondary,7
evening,7
ton,7
load,7
balance,7
explanation,7
nut,7
pet,7
attitude,7
fell,7
diagnosed,7
led,7
peace,7
clearly,7
entps,7
title,7
helping,7
sweet,7
thirteen,7
vote,7
silly,7
misunderstood,7
gas,7
worker,7
sensor,7
behaviour,7
smell,7
anybody,7
rape,7
release,7
banned,7
ran,7
growing,7
strategy,7
dropped,7
bet,7
kiss,7
penguin,7
feminine,7
alien,7
troll,7
fuckin,7
concerned,7
screw,7
sight,7
fishing,7
whatsoever,7
killing,7
range,7
apartment,7
itll,7
trump,7
bully,7
forest,7
itd,7
standard,7
background,7
sleeping,7
valid,7
ah,7
gut,7
sum,7
introversion,7
leader,7
health,7
teach,7
imo,7
manual,7
fantastic,7
impossible,7
finished,7
pump,7
wearing,7
justice,7
nah,7
bite,7
double,7
customer,7
spending,7
silence,7
insight,7
caring,7
internal,7
emotionally,7
surprised,7
loud,7
error,7
fully,7
sometime,7
agreed,7
concrete,7
allows,7
extent,7
noise,7
within,7
position,7
empathy,7
leg,7
victim,7
block,7
news,7
burst,6
infjs,6
blah,6
devil,6
motor,6
forever,6
adrenaline,6
regard,6
becomes,6
debate,6
wrench,6
included,6
socionics,6
proper,6
earlier,6
center,6
sensory,6
hike,6
pant,6
tiny,6
odd,6
occasion,6
appear,6
profound,6
sell,6
regularly,6
medium,6
cleaning,6
sir,6
suspect,6
¸¸•´¯,6
broken,6
zone,6
sigh,6
mum,6
identify,6
beginning,6
held,6
retarded,6
analyze,6
vibe,6
genius,6
beyond,6
contract,6
leaning,6
chart,6
consideration,6
hockey,6
category,6
med,6
immediate,6
funk,6
guide,6
gathering,6
dollar,6
community,6
tonight,6
hearing,6
complicated,6
religious,6
practice,6
seemingly,6
chill,6
master,6
reminded,6
practical,6
planet,6
tested,6
thus,6
safe,6
traffic,6
assuming,6
green,6
khys,6
routine,6
recall,6
taught,6
fantasy,6
ending,6
elaborate,6
bicycle,6
determine,6
greatest,6
gaming,6
smoking,6
mark,6
camera,6
1st,6
notion,6
epic,6
explaining,6
weakness,6
boxing,6
closest,6
town,6
masculine,6
technical,6
weld,6
alive,6
roll,6
familiar,6
liking,6
ear,6
hater,6
info,6
direction,6
describes,6
abstract,6
slept,6
everyday,6
overly,6
sorta,6
7w8,6
fresh,6
verbal,6
uncomfortable,6
technique,6
cross,6
shallow,6
fly,6
irritated,6
exception,6
em,6
communication,6
corner,6
france,6
legal,6
pressure,6
update,6
circle,6
minded,6
basketball,6
flight,6
dirty,6
mix,6
mode,6
switch,6
reasoning,6
disappointed,6
atheist,6
king,6
rational,6
sing,6
ugly,6
outgoing,6
multiple,6
jacket,6
folk,6
brilliant,6
panic,6
ridiculous,6
caused,6
actively,6
temperament,6
critical,6
answered,6
england,6
com,6
fucked,6
paying,6
trained,6
market,6
blank,6
wheel,6
9w1,6
member,6
surrounded,6
vent,6
bacon,6
manage,6
despite,6
scare,6
heaven,6
hide,6
fault,6
europe,6
stronger,6
regardless,6
fiction,5
usual,5
sugar,5
repeat,5
rate,5
pre,5
bone,5
torn,5
achieve,5
bus,5
tritype,5
adore,5
incredibly,5
dangerous,5
biology,5
picking,5
football,5
¸¸,5
enemy,5
blunt,5
referring,5
attempting,5
la,5
trading,5
popular,5
meal,5
resort,5
rush,5
attached,5
frozen,5
effect,5
grey,5
weak,5
queen,5
shocked,5
unique,5
direct,5
lunch,5
passing,5
loner,5
item,5
filled,5
jack,5
burn,5
jean,5
flow,5
sarcasm,5
confusing,5
star,5
heck,5
iron,5
australia,5
nail,5
answering,5
anytime,5
rap,5
7w6,5
coworker,5
shared,5
material,5
built,5
round,5
rude,5
christmas,5
hasnt,5
cooler,5
south,5
sen,5
discus,5
enfps,5
addicted,5
chase,5
hows,5
falling,5
batman,5
third,5
tune,5
lying,5
product,5
zombie,5
dropping,5
shell,5
chapter,5
pop,5
gossip,5
graduated,5
perception,5
motorcycle,5
stereotypical,5
rough,5
japanese,5
persona,5
traditional,5
impressive,5
knife,5
happening,5
enter,5
smiling,5
patience,5
dinner,5
prove,5
slightly,5
bathroom,5
outburst,5
library,5
shadow,5
enjoyable,5
ish,5
judge,5
capable,5
objective,5
picked,5
shoulder,5
paint,5
prone,5
attractive,5
openness,5
wedding,5
effective,5
permanently,5
ur,5
psychology,5
fashion,5
lifting,5
grand,5
ocean,5
bro,5
tree,5
butt,5
applied,5
harm,5
deleted,5
sj,5
essentially,5
memory,5
task,5
span,5
uptight,5
mma,5
esfjs,5
clue,5
sincerely,5
context,5
workout,5
died,5
sparring,5
screen,5
erbse,5
impression,5
grocery,5
thatd,5
trigger,5
nineteen,5
hardest,5
forced,5
sps,5
among,5
web,5
photography,5
pizza,5
security,5
crime,5
cover,5
shape,5
trend,5
primarily,5
junk,5
billion,5
aint,5
finishing,5
entjs,5
decent,5
survive,5
fellow,5
pushed,5
skiing,5
showing,5
observation,5
naturally,5
stomach,5
sadly,5
solely,5
prevent,5
minimum,5
cure,5
skip,5
lacking,5
ski,5
mid,5
jesus,5
equal,5
asks,5
tech,5
dragon,5
shed,5
hitting,5
america,5
service,5
mystery,5
engineer,5
rolleyes,5
requires,5
resume,5
campus,5
friday,5
concern,5
stated,5
hung,5
tall,5
crush,5
toward,5
software,5
dj,5
longest,5
complaining,5
sunday,5
oriented,5
upset,5
unaware,5
cycle,5
sat,5
search,5
admittedly,5
germany,5
saturday,5
serf,5
pretend,5
mistyped,5
frustration,5
voted,5
church,5
subjective,5
correctly,5
horse,5
reference,5
repair,5
reckless,5
react,5
boredom,5
written,5
sensitive,5
bastard,5
broad,5
role,5
draw,5
tends,5
channel,5
including,5
attempt,5
bag,5
commitment,5
mouth,5
rebel,4
record,4
thin,4
walked,4
blame,4
connecting,4
´¯,4
accurately,4
goose,4
require,4
wyoming,4
er,4
successful,4
properly,4
chemistry,4
review,4
include,4
connected,4
wet,4
magazine,4
depression,4
randomly,4
reminder,4
dramatic,4
pole,4
route,4
disconnected,4
ridge,4
tuesday,4
secret,4
focused,4
diesel,4
anti,4
guessed,4
tu,4
characteristic,4
guilt,4
report,4
garbage,4
breaking,4
nickname,4
desk,4
gesture,4
serial,4
stem,4
arrogance,4
designed,4
nowadays,4
growth,4
log,4
electrical,4
convince,4
discovered,4
lesson,4
pacific,4
irl,4
whereas,4
bass,4
drag,4
coast,4
strike,4
performing,4
bell,4
mcgregor,4
norm,4
hero,4
plain,4
offense,4
harry,4
attachment,4
realistic,4
motivated,4
accent,4
hire,4
nervousness,4
arm,4
inner,4
adventure,4
socializing,4
gaga,4
causing,4
jumping,4
cook,4
awareness,4
author,4
discovery,4
nfs,4
shooting,4
board,4
terribly,4
irc,4
cupcake,4
creating,4
consequence,4
idealistic,4
structure,4
combined,4
sub,4
bill,4
chair,4
dining,4
listened,4
california,4
estjs,4
hungry,4
losing,4
esteem,4
core,4
lame,4
plenty,4
xstp,4
luckily,4
tip,4
theyd,4
created,4
album,4
listed,4
con,4
sociopath,4
root,4
beard,4
expert,4
joking,4
engaged,4
october,4
guilty,4
san,4
safer,4
fighter,4
land,4
messi,4
wind,4
discomfort,4
national,4
handedness,4
pleasant,4
replacement,4
till,4
monday,4
progress,4
heavily,4
impulse,4
dexter,4
castle,4
sudden,4
bias,4
intention,4
send,4
abusive,4
mill,4
motion,4
severe,4
nurse,4
massive,4
snowing,4
charles,4
responsibility,4
culture,4
wallet,4
explained,4
per,4
isps,4
everyones,4
associated,4
solve,4
ignoring,4
benefit,4
bnb,4
loving,4
reluctant,4
succeed,4
annoys,4
requirement,4
professor,4
diving,4
wwf,4
insecure,4
bomb,4
kidding,4
conscious,4
developing,4
employee,4
distant,4
needing,4
affection,4
atmosphere,4
employer,4
ya,4
affected,4
mindset,4
humour,4
pink,4
responsible,4
spock,4
local,4
volume,4
6w5,4
couch,4
observing,4
connection,4
crisis,4
senior,4
pub,4
meetup,4
connect,4
cuz,4
strongly,4
applies,4
guessing,4
preferred,4
instrumental,4
snap,4
graduate,4
island,4
completed,4
development,4
socially,4
fwb,4
claim,4
appealing,4
compared,4
tbh,4
behave,4
worm,4
loyalty,4
ship,4
phase,4
bothering,4
unrelated,4
button,4
superficial,4
hd,4
texting,4
worried,4
equipment,4
pun,4
choosing,4
amusing,4
poll,4
expressive,4
backup,4
email,4
placed,4
odds,4
worrying,4
makeup,4
sentimental,4
lion,4
undertaker,4
difficulty,4
pushing,4
whistle,4
variety,4
intense,4
nasty,4
advance,4
egg,4
hunting,4
medical,4
mature,4
netflix,4
thrown,4
perceiving,4
solid,4
bye,4
dying,4
pretentious,4
century,4
journey,4
adult,4
bigger,4
shrug,4
imagination,4
bore,4
beauty,4
mayweather,4
de,4
curse,4
casino,4
idk,4
film,4
opening,4
hip,4
physic,4
violence,4
label,4
messy,4
breath,4
fictional,4
wood,4
steve,4
track,4
semi,4
cardio,4
dated,4
height,4
apprentice,4
privacy,4
resource,4
passenger,4
automatically,4
surprising,4
bright,4
staring,4
tangible,4
applying,4
smallest,4
adorable,4
uh,4
hmmm,4
cnc,4
disaster,4
2nd,4
bale,4
liar,4
suit,4
comparison,4
dirt,4
reach,4
selective,4
marry,4
cue,4
surface,4
trick,4
woke,4
fishery,4
sun,4
advanced,4
ultimately,4
hopefully,4
pool,4
rip,4
excuse,4
candy,4
buying,4
awkward,4
sounded,4
hadnt,4
solving,4
lay,4
environment,4
september,4
hardly,4
closely,4
famous,4
remind,4
yay,4
principle,4
rub,4
physique,4
impulsive,4
killer,4
visual,4
frequent,4
istjs,4
stimulation,4
pokemon,4
labor,4
controlling,4
illegal,4
oil,4
3rd,4
lock,4
theme,4
indifferent,4
intended,4
object,4
jumped,4
villain,4
password,4
ring,4
afford,4
cash,4
purely,4
independent,4
hurting,4
wealth,4
porn,4
professional,4
angel,4
leaf,4
press,4
infps,4
manager,4
beach,4
da,4
immediately,4
illogical,4
prepared,4
sh,4
fascinated,4
surprise,4
train,4
via,4
innocent,4
relatively,4
unusual,4
protagonist,4
junction,4
grew,4
myers,4
bird,4
uncertain,4
rain,4
canada,4
supposedly,4
weave,4
snapped,4
remain,4
3w2,4
source,4
copy,4
marriage,4
ad,4
card,4
buck,4
passed,4
remove,4
everytime,4
auto,4
mentally,4
birth,4
conflict,4
amused,4
balanced,4
cycling,4
cream,4
northern,4
hunt,4
failed,4
tomboy,4
disagree,4
drum,4
overtime,4
accepted,4
significant,4
collection,4
describing,4
silent,4
strawberry,4
screaming,4
appears,4
puzzle,3
advantage,3
disclaimer,3
fancy,3
alice,3
leather,3
emergency,3
inch,3
yell,3
extroversion,3
stumble,3
efficient,3
pretending,3
thumb,3
tumblr,3
region,3
jazz,3
convinced,3
psychopath,3
painful,3
unnecessary,3
plant,3
refuse,3
conform,3
dependent,3
grass,3
granted,3
5w6,3
nj,3
chicken,3
spirit,3
wikipedia,3
defined,3
facial,3
branch,3
prof,3
consume,3
ate,3
injury,3
empty,3
plot,3
temperature,3
unbelievable,3
ready,3
gecko,3
disk,3
hating,3
manipulation,3
politics,3
frustrated,3
5w4,3
urban,3
specify,3
milk,3
relax,3
pocket,3
zen,3
surgery,3
shower,3
equation,3
skinny,3
pal,3
instant,3
potter,3
population,3
river,3
wrap,3
flippant,3
unfair,3
pm,3
rebellious,3
washing,3
anatomy,3
lyric,3
hardcore,3
cell,3
suited,3
relative,3
teasing,3
conservative,3
required,3
gtfo,3
depressing,3
consistently,3
halfway,3
borderline,3
newer,3
8w7,3
pure,3
irresponsible,3
occasional,3
latest,3
changing,3
york,3
murder,3
actress,3
briggs,3
blocked,3
loser,3
mail,3
department,3
suggestion,3
confirmed,3
locked,3
satisfied,3
war,3
browsing,3
catholic,3
greatly,3
psychological,3
unemployed,3
gray,3
organ,3
revise,3
saving,3
8w9,3
wasted,3
outta,3
suffering,3
wouldve,3
assignment,3
harsh,3
gather,3
ambiguous,3
pasta,3
essence,3
technically,3
needle,3
potato,3
arrive,3
lift,3
vegetable,3
absolute,3
accepting,3
grammar,3
compete,3
decade,3
brush,3
believed,3
dnb,3
planning,3
cheers2,3
witch,3
drain,3
quitting,3
doto,3
junkie,3
trinity,3
controlled,3
apprenticeship,3
figuring,3
develops,3
ramen,3
retreat,3
dependency,3
donald,3
trans,3
priority,3
intimidated,3
hypothetical,3
hijack,3
incorrect,3
muscle,3
fortunately,3
manipulate,3
oblivious,3
efficiency,3
shine,3
darn,3
opponent,3
purposely,3
bbq,3
tracking,3
hood,3
linear,3
stoned,3
rifle,3
highway,3
acted,3
pregnant,3
rat,3
5k,3
graphic,3
pressured,3
confusion,3
encounter,3
poker,3
distracting,3
walmart,3
dish,3
restaurant,3
uk,3
adapt,3
pulling,3
extended,3
initial,3
blowing,3
skilled,3
ignored,3
justify,3
hid,3
yeahhh,3
remembered,3
carefully,3
mass,3
oooh,3
indecisiveness,3
political,3
directive,3
sanity,3
identity,3
neck,3
bottle,3
snail,3
displayed,3
convey,3
smaller,3
provide,3
cheap,3
ruined,3
excessive,3
pose,3
esfps,3
select,3
external,3
orbit,3
generalization,3
absurd,3
intrusive,3
exam,3
exhausted,3
peanut,3
inherently,3
household,3
utterly,3
rapist,3
shave,3
clown,3
immature,3
jb,3
hat,3
understands,3
explode,3
followed,3
atypical,3
reward,3
pleased,3
dedicated,3
compute,3
consciously,3
sea,3
breed,3
hahahaha,3
occur,3
removed,3
analytical,3
replace,3
monster,3
ego,3
monogamous,3
cigar,3
excitement,3
involves,3
screwed,3
voltage,3
unhappy,3
complimented,3
zoo,3
defense,3
lonely,3
aux,3
foremost,3
flat,3
vol,3
lid,3
lecture,3
educational,3
fiddling,3
battery,3
exist,3
origin,3
showtime,3
smiley,3
matrix,3
intelligent,3
lighting,3
wed,3
earn,3
dumping,3
explosive,3
sunny,3
illusion,3
chit,3
arduino,3
frank,3
warning,3
design,3
addition,3
status,3
confrontation,3
juice,3
frequently,3
mod,3
kissing,3
anxious,3
classmate,3
surfing,3
concentration,3
industry,3
cared,3
property,3
rabbit,3
sentence,3
gamera,3
fitting,3
largely,3
hehe,3
mcdonalds,3
linux,3
portrait,3
independence,3
tie,3
bush,3
flipping,3
salsa,3
intimidating,3
bipolar,3
3d,3
mysterious,3
struck,3
sibling,3
necessity,3
deliberately,3
bitter,3
tattoo,3
signed,3
dou,3
lenore,3
definition,3
staying,3
acknowledge,3
paralysis,3
toy,3
debating,3
writer,3
credit,3
adhd,3
kiwi,3
jon,3
whoop,3
wide,3
crowd,3
mirror,3
sky,3
playlist,3
homo,3
throat,3
refer,3
aunt,3
collecting,3
liquid,3
cancer,3
rut,3
revenge,3
implied,3
tape,3
involving,3
vulnerable,3
pill,3
fate,3
trash,3
afterwards,3
careful,3
closed,3
robert,3
register,3
calc,3
wana,3
condition,3
schizoid,3
dosnt,3
maga,3
available,3
acquaintance,3
snack,3
rid,3
youth,3
greater,3
leap,3
mediocre,3
username,3
deserve,3
hype,3
twin,3
shall,3
introduce,3
shown,3
truthfully,3
sober,3
cast,3
cuddling,3
flavor,3
dull,3
success,3
museum,3
introduction,3
pity,3
counter,3
wondered,3
virtually,3
whiny,3
satisfy,3
outdoors,3
insert,3
badly,3
ruin,3
asleep,3
trial,3
goat,3
exists,3
clingy,3
session,3
lottery,3
operator,3
temper,3
chatting,3
miserable,3
captain,3
brute,3
horny,3
apps,3
echo,3
flip,3
carpentry,3
switched,3
participating,3
undergrad,3
letting,3
experiencing,3
theyll,3
swearing,3
scale,3
u200b,3
befriend,3
precisely,3
objectively,3
flickr,3
paragraph,3
jock,3
petty,3
potential,3
questioning,3
pursuit,3
stage,3
tale,3
fidgeting,3
disease,3
sold,3
anime,3
stock,3
sadness,3
rad,3
neighborhood,3
facade,3
calculus,3
association,3
powerful,3
rice,3
favor,3
confront,3
abuse,3
astrology,3
assumed,3
venting,3
disagrees,3
relevant,3
vanilla,3
excellent,3
thanx,3
correlation,3
refreshed,3
instrument,3
arrogant,3
repetitive,3
ho,3
scientist,3
appropriate,3
casually,3
grabbed,3
thursday,3
dependable,3
workshop,3
smirk,3
lord,3
brag,3
introspective,3
ignorance,3
suicide,3
boil,3
wonderful,3
steam,3
stayed,3
survival,3
genitals,3
ahh,3
10char,3
mixed,3
sore,3
speech,3
surroundings,3
cafe,3
feedback,3
washington,3
imdb,3
philosophical,3
throwing,3
wheres,3
electronics,3
disturb,3
dave,3
prisoner,3
glass,3
weapon,3
handful,3
photographer,3
bond,3
meaningless,3
holiday,3
north,3
ocd,3
xyz,3
cha,3
existence,3
breakdown,3
improve,3
geeking,3
keyboard,3
contrast,3
aiken,3
killed,3
shelter,3
infinitely,3
brained,3
nick,3
cliff,3
expecting,3
dreaming,3
respected,3
practise,3
dreamy,3
interact,3
nerve,3
attract,3
practiced,3
abused,3
shopping,3
progression,3
shirou,3
initiate,3
dialogue,3
gratitude,3
ntjs,3
clarification,3
crossed,3
consist,3
nod,3
paid,3
hahah,3
represents,3
eastwood,3
deadline,3
sail,3
trapped,3
lifetime,3
kitteh,3
corp,3
joint,3
bonding,3
racist,3
forcing,3
ultra,3
fool,3
survivor,3
thrill,3
russian,3
whoever,3
april,3
chicago,3
blocking,3
tail,3
switching,3
added,3
motivates,3
wine,3
contempt,3
grumpy,3
firefox,3
peter,3
leadership,3
twitter,3
honesty,3
uncle,3
conflicting,3
python,3
escape,3
narrowed,3
variation,3
interrupted,3
humble,3
violent,3
remote,3
adventurous,3
avoids,3
alternative,3
………,3
grown,3
mr,3
resonate,3
skin,3
murdock,3
slytherin,3
elli,3
dilemma,3
alike,3
bible,3
evidence,3
scientific,3
metaphor,3
realm,3
june,3
cinnamon83,3
hiding,3
approve,3
architecture,3
emotionless,3
deluded,3
bb9f655,3
stunted,3
pen,3
apple,3
ladder,3
wednesday,3
inactive,3
sympathy,3
lesbian,3
bouncing,3
vague,3
housemate,3
contradictory,3
eg,3
4w5,3
element,3
har,3
trailer,3
instructor,3
sporadically,3
recognize,3
equivalent,3
stared,3
becoming,3
individually,3
happiness,3
telekinesis,3
percentage,3
chinese,3
um,3
cunt,3
trance,3
pointed,3
maintain,3
directed,3
clint,3
starter,3
delicious,3
interrupt,3
loss,3
providing,3
camp,3
bout,3
patient,3
stupidity,3
shyness,3
headed,3
nerd,3
tasty,3
presence,3
spoiler,3
lucky,3
kicked,3
mastering,3
dictionary,3
tore,3
location,3
gain,3
fourth,3
encyclopedia,3
scream,3
aroused,3
yelling,3
mistaken,3
wire,3
seed,2
someday,2
pinch,2
hostility,2
creepy,2
scrape,2
disney,2
glare,2
deeper,2
consisting,2
download,2
jealousy,2
pit,2
iced,2
roughly,2
floor,2
whatnot,2
diabetes,2
dudeman,2
hugged,2
doudeman,2
intensely,2
nicer,2
bail,2
cartoon,2
efficiently,2
numerous,2
proving,2
panda,2
wheeling,2
bob,2
proven,2
unexpectedly,2
quietly,2
banter,2
command,2
price,2
krav,2
disabled,2
raichu,2
backdoor,2
biased,2
envy,2
mk,2
database,2
bittersweet,2
inspiring,2
investigator,2
bong,2
reputation,2
practically,2
rocking,2
xstj,2
epitome,2
address,2
troubleshooting,2
cookie,2
rely,2
reasonably,2
anderson,2
slight,2
clay,2
foist,2
accomplish,2
unicorn,2
intimate,2
drove,2
tube,2
burned,2
dusty,2
texas,2
camping,2
faraway,2
noon,2
ankle,2
intellectually,2
woo,2
pepper,2
addict,2
income,2
probable,2
recurrent,2
remaining,2
shortcoming,2
bleach,2
iv,2
enjoys,2
playful,2
highlight,2
sale,2
liner,2
cleared,2
hispanic,2
era,2
payslip,2
replied,2
prog,2
destroy,2
teleport,2
symphony,2
various,2
rainbow,2
dat,2
stabilizer,2
rejection,2
overreacting,2
indian,2
negate,2
wiki,2
measure,2
sludge,2
slave,2
assault,2
tragic,2
bf,2
enlightened,2
bucket,2
refused,2
descriptor,2
bullied,2
license,2
cup,2
ff87362,2
upfront,2
display,2
seldom,2
limb,2
informative,2
seeker,2
somone,2
ruby,2
winning,2
hateful,2
indicator,2
touched,2
judgment,2
serene,2
weighed,2
resolution,2
string,2
tuition,2
guaranteed,2
ceo,2
sailing,2
mule,2
bi,2
strangely,2
justin,2
dick,2
blush,2
nailed,2
undecided,2
10th,2
confrontational,2
superficially,2
deviate,2
blaire,2
portfolio,2
accumulation,2
swat,2
promise,2
realizing,2
punishment,2
wrinkle,2
fruit,2
ronia,2
increase,2
nowhere,2
vega,2
abyss,2
dorm,2
extj,2
philosophy,2
rehash,2
lance,2
machinery,2
animation,2
academic,2
portion,2
seamaid,2
judgmental,2
hatred,2
bloomer,2
fluent,2
headache,2
forth,2
witty,2
predict,2
dark,2
marathon,2
digital,2
compensate,2
reinventing,2
interactive,2
sandwich,2
apparent,2
joker,2
mop,2
collective,2
feature,2
customize,2
tangled,2
tiring,2
investor,2
expressing,2
initiative,2
ideally,2
advise,2
handed,2
barbecue,2
skyrim,2
cooky,2
dread,2
enthusiastic,2
offering,2
uhm,2
steady,2
politically,2
emma,2
soundtrack,2
chord,2
emote,2
dune,2
timing,2
seafood,2
contradiction,2
jitsu,2
celebrity,2
strung,2
asocial,2
incident,2
deliver,2
monkey,2
pointing,2
survey,2
selfish,2
competition,2
analyst,2
intrinsic,2
stigma,2
qualified,2
boundary,2
knee,2
homeless,2
bengal,2
grain,2
bark,2
alert,2
mobile,2
factual,2
counselor,2
scenery,2
creature,2
awkwardness,2
campaign,2
trap,2
mushroom,2
circus,2
stalker,2
criticize,2
righties,2
suggested,2
similarity,2
clueless,2
imho,2
influence,2
michael,2
neutral,2
frenzy,2
adding,2
freshwater,2
diary,2
appeal,2
feat,2
fried,2
recovery,2
cherry,2
pottermore,2
wrongly,2
elbow,2
jail,2
treat,2
popping,2
feed,2
admire,2
lefty,2
officially,2
innovative,2
bait,2
app,2
sweden,2
cognition,2
possessed,2
council,2
redneck,2
replying,2
watercraft,2
soooo,2
coloured,2
steep,2
attend,2
heel,2
alteration,2
filter,2
ian,2
appeared,2
dodge,2
spontaneity,2
caster,2
icky,2
alters,2
hugging,2
cart,2
runner,2
delete,2
square,2
overcome,2
harmed,2
colour,2
elusive,2
bolded,2
jason,2
delivery,2
enneatype,2
differ,2
treatment,2
fashionable,2
drinker,2
checked,2
aspergers,2
athletic,2
isfps,2
struggling,2
sniper,2
logically,2
dismissive,2
avy,2
afterlife,2
xntp,2
accomplishment,2
hiatus,2
wasting,2
awww,2
native,2
acre,2
abandon,2
pile,2
emphasis,2
transformer,2
fox,2
provided,2
partly,2
sydney,2
atlantic,2
java,2
bouncer,2
ignorant,2
definite,2
eternal,2
rental,2
felidae,2
depth,2
debt,2
fulfilling,2
listener,2
holmes,2
reliant,2
resident,2
prison,2
tact,2
treating,2
upbringing,2
combo,2
visually,2
refers,2
retributive,2
aries,2
beating,2
calorie,2
freak,2
empathize,2
impressed,2
challenging,2
gist,2
shark,2
yall,2
exaggerating,2
hearted,2
highest,2
vacation,2
fridge,2
whilst,2
rampage,2
dreaded,2
prod,2
dreamer,2
kicking,2
sunset,2
threw,2
encountered,2
chest,2
vitamin,2
liberty,2
asset,2
analogy,2
jumbotoo,2
sucked,2
grief,2
downtown,2
teeth,2
maximum,2
psychopathy,2
circuitry,2
manipulating,2
correction,2
archery,2
hurtful,2
vibrating,2
rack,2
horribly,2
engage,2
apathy,2
amazon,2
access,2
skateboarding,2
austrian,2
garner,2
sane,2
brings,2
accuracy,2
wound,2
ditto,2
msn,2
nosy,2
chan,2
tricking,2
weaker,2
insanely,2
physiology,2
madhatter,2
aka,2
lap,2
cost,2
sustainable,2
realise,2
clip,2
competent,2
intuitives,2
talent,2
print,2
ensuring,2
employed,2
psychologically,2
ryan,2
yard,2
hoodie,2
vehicle,2
ppl,2
advertisement,2
retail,2
nightclub,2
gallery,2
calming,2
calculated,2
farm,2
angle,2
suffice,2
lifestyle,2
comedy,2
preventing,2
addiction,2
stone,2
offend,2
benja,2
van,2
ksilva,2
shorter,2
gambling,2
approval,2
glitch,2
slide,2
kung,2
cleaned,2
reacted,2
conventional,2
oldest,2
destructive,2
participate,2
toxic,2
ease,2
cried,2
tea,2
pilot,2
busted,2
underdeveloped,2
recent,2
mechanism,2
nudity,2
sob,2
curl,2
refrigerant,2
heap,2
suggests,2
smartest,2
bee,2
bbc,2
horoscope,2
prioritize,2
unwilling,2
appearance,2
furious,2
thankfully,2
pls,2
talon,2
spiteful,2
handled,2
imagining,2
emo,2
baggy,2
anniversary,2
restored,2
worthy,2
needy,2
incompatabilia,2
researcher,2
lure,2
barking,2
allergic,2
titanic,2
interacted,2
biologist,2
malnourished,2
tinker,2
depend,2
machiavelli,2
daisy,2
spontaneous,2
misunderstanding,2
gillian,2
pace,2
teddy,2
secluded,2
garden,2
arrived,2
maker,2
strongest,2
vocal,2
underlying,2
cabin,2
bringing,2
fewer,2
productive,2
actor,2
electronic,2
axis,2
biomed,2
golf,2
lold,2
penalty,2
quinto,2
gah,2
sappy,2
fist,2
moderate,2
spotlight,2
apology,2
goo,2
yearn,2
laughed,2
indie,2
eclipse,2
blushed,2
pointy,2
noooo,2
leading,2
row,2
bandwagon,2
vicious,2
resentment,2
pack,2
spoke,2
hunter,2
prior,2
neat,2
mirroring,2
dragged,2
ftw,2
valley,2
tinder,2
architect,2
subtle,2
treated,2
submissive,2
4m,2
threat,2
telekinetic,2
fitness,2
honey,2
construction,2
bodybuilding,2
custom,2
passion,2
management,2
complaint,2
shout,2
friggin,2
speaker,2
risky,2
confess,2
beneficial,2
trolling,2
doubting,2
doll,2
christianity,2
yelled,2
fj,2
cult,2
varies,2
moderately,2
glyph,2
discharging,2
subcontractor,2
decieve,2
electricity,2
intx,2
disheartening,2
bake,2
circlejerking,2
detailed,2
christ,2
jim,2
rum,2
elk,2
duct,2
manipulative,2
utilize,2
creative,2
creator,2
9th,2
drift,2
……,2
flag,2
rant,2
porch,2
firmly,2
iq,2
crappy,2
overwhelming,2
majoring,2
pirate,2
modern,2
hardware,2
cutting,2
mufasa,2
gordon,2
thatll,2
union,2
brown,2
nonsense,2
goverment,2
diploma,2
singing,2
sergeant,2
21st,2
x85,2
auxiliary,2
raised,2
march,2
outburts,2
throne,2
resolve,2
fathom,2
condolence,2
bust,2
chasing,2
ing,2
psychologist,2
irritating,2
hill,2
invasion,2
generation,2
waking,2
weirdest,2
messed,2
everybodys,2
tingle,2
contribute,2
wee,2
convoluted,2
essential,2
quake,2
alan,2
possessive,2
hetero,2
rope,2
heated,2
beast,2
ffs,2
deliberate,2
inconvenient,2
italian,2
install,2
firmware,2
lash,2
capitalism,2
fling,2
conditioned,2
reassuring,2
court,2
garage,2
december,2
opposed,2
vegan,2
slob,2
stationary,2
vision,2
bound,2
lane,2
autism,2
unrealistic,2
earthquake,2
perpendicular,2
initially,2
setup,2
kidney,2
artist,2
3h,2
breakup,2
predator,2
lovely,2
disturbed,2
rebuilding,2
writes,2
elephant,2
swivel,2
offensive,2
irrational,2
honda,2
epicenter,2
sloppy,2
stickies,2
diamond,2
revealed,2
congratulation,2
assertion,2
vagina,2
classroom,2
rick,2
attribute,2
memorize,2
cherish,2
chose,2
enforcement,2
thermometer,2
soccer,2
grin,2
bull,2
yr,2
nardi,2
repress,2
decline,2
settle,2
simon,2
companionship,2
burnout,2
claimed,2
sniperpanda,2
wrestler,2
transportation,2
permission,2
obligated,2
animator,2
ronald,2
customization,2
reject,2
ii,2
65k,2
grab,2
strictly,2
escalate,2
ubuntu,2
burger,2
stretch,2
dressed,2
filed,2
brave,2
respectable,2
craft,2
bump,2
harmony,2
grilled,2
mixture,2
bavarian,2
donnie,2
knock,2
lip,2
pug,2
unstable,2
vaporizer,2
aerospace,2
outline,2
welcoming,2
inspire,2
nearby,2
demon,2
wash,2
ixtp,2
pathetic,2
grateful,2
countless,2
prob,2
inefficient,2
engrossed,2
jackson,2
torque,2
regarded,2
disrespect,2
comp,2
camper,2
3am,2
disappointing,2
bubble,2
planned,2
motivational,2
headphone,2
whoa,2
parson,2
faith,2
deficit,2
expects,2
despise,2
undergraduate,2
gryffindor,2
preachy,2
nap,2
ar,2
elementary,2
spanish,2
variant,2
worthless,2
recognisable,2
reservation,2
youngest,2
aggression,2
allright,2
peer,2
inxj,2
ratio,2
hence,2
eager,2
drawing,2
damaged,2
consistency,2
extremist,2
lmfao,2
mandatory,2
usb,2
cake,2
somethings,2
xntj,2
supernatural,2
damaging,2
resting,2
eagle,2
trolled,2
hopping,2
disability,2
exposure,2
therapy,2
sticky,2
nancy,2
curfew,2
intrigued,2
uni,2
quoting,2
forgive,2
slice,2
named,2
sausage,2
inventory,2
unable,2
digest,2
preferably,2
attacked,2
psychiatrist,2
realistically,2
rapport,2
alternate,2
naked,2
deadpan,2
luvgen,2
qft,2
fetched,2
paranoid,2
tony,2
creativity,2
definitive,2
nubb,2
collect,2
chosen,2
absurdly,2
cuddle,2
masochist,2
bare,2
morgue,2
slightest,2
frustrates,2
fu,2
sketch,2
recharge,2
touchy,2
geiger,2
hospital,2
disagreeing,2
grandma,2
bungee,2
distracted,2
scripted,2
generate,2
lean,2
protection,2
biological,2
duster,2
crew,2
judgement,2
quadrant,2
tp,2
curriculum,2
3w4,2
desktop,2
t3i,2
stimulated,2
corny,2
pan,2
kitchen,2
stephen,2
lookslikeiwin,2
fallout,2
ditch,2
massage,2
normative,2
popularity,2
systema,2
variable,2
tee,2
networking,2
component,2
pairing,2
parking,2
everythings,2
zodiac,2
evolution,2
rash,2
almond,2
ala,2
possession,2
scarred,2
patriotism,2
coma,2
tactic,2
serve,2
neverforget,2
generalized,2
rim,2
suspected,2
entrance,2
nay,2
hook,2
capricorn,2
bury,2
firework,2
psycho,2
teton,2
definetly,2
owlet,2
incredible,2
soo,2
unintentionally,2
tolerate,2
eastern,2
craving,2
til,2
watson,2
expend,2
nose,2
myspace,2
moody,2
cow,2
driven,2
zootopia,2
rolling,2
mileage,2
chunk,2
ra,2
flash,2
rotation,2
exploited,2
initiating,2
bb,2
larger,2
7am,2
saitama,2
foundation,2
correlated,2
confronted,2
organizing,2
loyal,2
gig,2
flop,2
queer,2
divorce,2
martini,2
organized,2
suppressed,2
ipod,2
horror,2
imaginative,2
lightbulb,2
reflection,2
modesty,2
johnson,2
independently,2
sci,2
whichever,2
submit,2
spin,2
narrowing,2
catching,2
tomato,2
popcorn,2
yellow,2
venture,2
clarity,2
bedroom,2
begged,2
assembly,2
canal,2
mart,2
associate,2
moana,2
subconscious,2
carrying,2
fking,2
outcast,2
regret,2
brandy,2
discussing,2
confirm,2
official,2
searched,2
classical,2
arrives,2
cooperation,2
immaturity,2
sickening,2
penn,2
chaos,2
toothpaste,2
outlier,2
arguing,2
jealous,2
interacting,2
cheesy,2
bat,2
whove,2
floating,2
presume,2
explore,2
ambassador,2
superior,2
performed,2
helluvalot,2
challenger,2
uno,2
sounding,2
snapchat,2
tad,2
sock,2
volunteer,2
scheme,2
stp,2
forgotten,2
daddy,2
entertain,2
sinking,2
finland,2
amongst,2
installed,2
awwww,2
inspirational,2
significantly,2
amazed,2
istpish,2
clicking,2
altercation,2
jiu,2
heat,2
lens,2
mentality,2
considerate,2
supplement,2
vivid,2
banner,2
repeating,2
aura,2
apathetic,2
breathe,2
aced,2
client,2
ethic,2
reset,2
arrested,2
katy,2
castration,2
fairy,2
backfire,2
coding,2
ranger,2
bread,2
rockstar,2
cattle,2
grandparent,2
convenient,2
jokingly,2
tent,2
cheat,2
captured,2
foreign,2
seduce,2
suitable,2
shrooms,2
spotify,2
wore,2
shooter,2
lucid,2
appreciated,2
clarifying,2
necro,2
nfl,2
relation,2
disappear,2
director,2
seat,2
wage,2
monument,2
raise,2
sew,2
freezing,2
split,2
tempo,2
document,2
essay,2
combat,2
weirdo,2
dumped,2
fade,2
stood,2
righteousness,2
dig,2
spring,2
joining,2
step,2
feminist,2
talkative,2
saved,2
nb,2
insightful,2
mocking,2
eldest,2
holding,2
istpness,2
cinnamon,2
consciousness,2
aspire,2
cheerful,2
universal,2
surrounding,2
flexible,2
imagery,2
tert,2
edge,2
energetic,2
11pm,2
wrath,2
ginningpuma4011,2
reflecting,2
breast,2
guided,2
50th,2
f3,2
crave,2
fed,2
gambler,2
telecommunication,2
monty,2
shame,2
reread,2
unknown,2
accomplished,2
winner,2
takt,2
def,2
bang,2
deem,2
strict,2
experiment,2
overwatch,2
af,2
enigmatic,2
selling,2
bug,2
lawn,2
inability,2
nascar,2
hop,2
award,2
peeve,2
10nm,2
assistant,2
shrugging,2
detect,2
rhythm,2
halloween,2
breathing,2
saber,2
son,2
solo,2
stifling,2
thesis,2
nemesis,2
offended,2
dimension,2
unnoticed,2
surveillance,2
malcolm,2
differential,2
meaningful,2
crash,2
piano,2
signature,2
swimming,2
obscure,2
brew,2
ordered,2
unity,2
pot,2
vaguely,2
dump,2
aquarian,2
sayin,2
soft,2
logan,2
integrity,2
shitpost,2
literature,2
checkout,2
dumbass,2
pause,2
hum,2
concentrate,2
ix92m,2
failure,2
clearing,2
carer,2
strive,2
thriller,2
poem,2
assertiveness,2
skynet,2
relates,2
fyi,2
cmon,2
yacht,2
casual,2
lover,2
hulk,2
skinned,2
verify,2
knack,2
bruce,2
welding,2
skirt,2
served,2
tone,2
mower,2
picky,2
multi,2
poetry,2
wished,2
burning,2
woah,2
authority,2
mhmmm,2
disagreement,2
dash,2
antisocial,2
alienated,2
motorcyclist,1
tib,1
homemade,1
newbie,1
rollercoasters,1
creed,1
caregiver,1
gfs,1
sexuality,1
retract,1
nekomaru,1
dieting,1
selfie,1
jaw,1
wardrobe,1
environmental,1
ferris,1
monitor,1
companion,1
comic,1
mingemangler666,1
emoticon,1
skeleton,1
viktor,1
misconception,1
powercord,1
worn,1
chainsmokers,1
central,1
duo,1
ricksaw,1
unwanted,1
ebooks,1
upholds,1
practicality,1
savage,1
forex,1
surround,1
wrapped,1
dscovr,1
snowboarder,1
pusher,1
bryce,1
partiers,1
fron,1
awaiting,1
vexares,1
merchant,1
porno,1
st,1
etiquette,1
rusty,1
∞money,1
usher,1
winston,1
injuring,1
nihilist,1
soak,1
sparkle,1
atoll,1
champion,1
mediator,1
gazing,1
cked,1
resemblance,1
chronic,1
vet,1
relief,1
relevance,1
theoretic,1
youuuuuuuuuuuuuuuu,1
detach,1
continues,1
shin,1
betray,1
mashed,1
wireless,1
limbo,1
taut,1
cocorosie,1
indulge,1
keenly,1
announcer,1
overweight,1
ect,1
tally,1
stepmania,1
cent,1
rotted,1
imposing,1
pyongyang,1
inclination,1
ixfp,1
rarer,1
elon,1
suprised,1
slobbery,1
revision,1
outcome,1
yummy,1
lessen,1
owen,1
verbose,1
wikia,1
scarrdragon,1
reavers,1
flashing,1
condo,1
prey,1
influenece,1
perceiver,1
watcher,1
sunuva,1
engaging,1
daunting,1
dwp,1
comfortably,1
arrest,1
diarrhea,1
handhelds,1
beg,1
cab,1
shouting,1
athiests,1
facemask,1
anyhow,1
heroic,1
heartbreak,1
arrrgh,1
downplay,1
piston,1
tracer,1
mccandless,1
india,1
fussed,1
hustle,1
keller,1
expectancy,1
inept,1
adversity,1
dined,1
spell,1
darlene,1
snowboard,1
rejected,1
compelled,1
asylum,1
studied,1
violation,1
buzzin,1
oregon,1
agnostic,1
delusion,1
avoided,1
haul,1
exert,1
coolest,1
flowery,1
invested,1
elaborating,1
constructive,1
gleaned,1
impares,1
overflow,1
gelignite,1
caveman,1
oktoberfest,1
asswipes,1
glam,1
onion,1
avoiding,1
snape,1
ramadan,1
procrastinating,1
plotting,1
requiem,1
grisly,1
shepherd,1
aggravated,1
fireman,1
improvement,1
succession,1
jot,1
reciprocate,1
warehouse,1
struggled,1
faire,1
crafty,1
lied,1
exhaust,1
originally,1
occurs,1
fav,1
minato,1
gundam,1
erase,1
sts,1
overdramatizing,1
victimism,1
sanjay,1
avocado,1
nashville,1
destitute,1
theoreticaly,1
murdered,1
piccolo,1
saggitarius,1
plate,1
houndoom,1
bizarre,1
lb,1
disturbing,1
explication,1
commence,1
fulfilled,1
rhythmic,1
inaccurate,1
suspicion,1
unmanly,1
bailing,1
regime,1
lazer,1
tidying,1
ghost,1
darling,1
fold,1
rigged,1
retell,1
signing,1
shrimp,1
closet,1
mist,1
improvised,1
selfless,1
morfy,1
tweeting,1
sabbatical,1
merry,1
sentance,1
noteworthy,1
tricky,1
thrower,1
embarrassment,1
daydream,1
norton,1
spinning,1
cussed,1
ellen,1
resist,1
overlooking,1
sem,1
spitting,1
flav,1
vexare,1
defines,1
workday,1
webblynets,1
´¯¯,1
shrek,1
lynch,1
zooming,1
unimportant,1
esxp,1
fanta,1
chased,1
requested,1
misinterpreting,1
digging,1
probation,1
baybay,1
saya,1
sobre,1
administration,1
gosling,1
2x,1
24th,1
legitimately,1
idolize,1
shattered,1
aversion,1
soda,1
amine,1
slashing,1
âx80¢,1
vampire,1
concentrating,1
lumbar,1
sturdy,1
tf,1
flock,1
rusted,1
complained,1
dictating,1
guise,1
permaculture,1
finance,1
fart,1
voicemail,1
caaaaat,1
txt,1
voi,1
inadvertently,1
diplomatic,1
evolutionist,1
getyoursnackon,1
builder,1
aerial,1
torrent,1
consoling,1
merely,1
fidget,1
jaykayz,1
overpowered,1
though…,1
bumping,1
fib,1
chiptune,1
storm,1
reverted,1
mspaint,1
…………,1
comtradictory,1
bleh,1
amphetamine,1
supporting,1
lacrimal,1
plantation,1
lush,1
dyslexia,1
elsewhere,1
superduperman,1
zeus,1
lemonade,1
sided,1
seasonal,1
oracle,1
documentation,1
elaboration,1
aloud,1
hearty,1
stemmed,1
fork,1
3ufeff,1
cosima,1
stranded,1
hopelesse,1
ibuprofen,1
26th,1
administrator,1
unconscious,1
exerts,1
respective,1
koala,1
resenting,1
laissez,1
irritates,1
ayasullivan,1
blatant,1
iconoclasm,1
chess,1
sq,1
younrxplain,1
bonus,1
lookout,1
okapi,1
accomplishing,1
disappeared,1
twisted,1
zipper,1
astonishment,1
junko,1
pharah,1
vacuum,1
terror,1
elo,1
screamed,1
kole,1
blast,1
i´m,1
martyrdom,1
pronounced,1
flimsy,1
poww,1
afew,1
valuable,1
herbert,1
ixxx,1
gunna,1
iget,1
copied,1
centred,1
personaldna,1
instinctual,1
escaping,1
rubiks,1
folding,1
seriousness,1
questioned,1
desperate,1
manipulated,1
attraction,1
riser,1
teenager,1
portraying,1
collage,1
everychance,1
faulty,1
carrot,1
willy,1
multiplayer,1
editor,1
hotness,1
aggressively,1
crawled,1
wilde,1
isolated,1
koriallyse,1
seether,1
lazier,1
stumped,1
sweater,1
likeable,1
radiation,1
suburb,1
autistic,1
puke,1
coupla,1
icon,1
gladly,1
midwest,1
dusk,1
joked,1
pursue,1
acne,1
lego,1
minnit,1
represent,1
macro,1
astronomy,1
chun,1
bottling,1
hidden,1
spotting,1
po,1
vital,1
spore,1
gopro,1
makin,1
pumping,1
lio,1
cherryiezz,1
grip,1
depart,1
fermi,1
county,1
abrogates,1
raven,1
started…,1
stacked,1
revealing,1
jeez,1
consensus,1
portal,1
wench,1
stuuuuuff,1
contradicts,1
nihilism,1
crucial,1
protip,1
enfpoisonivy,1
smelled,1
upkeep,1
prowess,1
vulnerability,1
huddled,1
joined,1
bamf,1
ps3,1
cept,1
wipe,1
occultism,1
firefly,1
automatic,1
ramblings,1
downhill,1
outwitted,1
depersonalized,1
loosely,1
rocket,1
detriment,1
ft,1
disowned,1
overtly,1
babble,1
yemen,1
enigma,1
siamese,1
cathy,1
aston,1
overt,1
framed,1
riddle,1
rehabilitation,1
psychoanalysis,1
tossed,1
cought,1
tl,1
bumper,1
katana,1
statistically,1
developer,1
outright,1
nursing,1
cline,1
boiled,1
truthfulness,1
atama,1
karl,1
rrod,1
jeff,1
downwind,1
inf,1
possiblities,1
winding,1
creates,1
belittle,1
whatd,1
gently,1
fallacious,1
admirable,1
panther,1
ink,1
generous,1
lackadaisy,1
specialist,1
enlightening,1
enviroment,1
sims,1
spokesman,1
identified,1
sexiness,1
suite,1
choked,1
tighter,1
brutal,1
remedy,1
istpland,1
douchebaggery,1
trooth,1
ludicrous,1
rehabilitative,1
folklore,1
convienent,1
ambivert,1
crimson,1
zachary,1
motorbike,1
nostalgia,1
protest,1
accepts,1
lyrical,1
reacting,1
fest,1
prescribe,1
equality,1
solved,1
ramble,1
weekday,1
tasting,1
boris,1
functional,1
quintessential,1
catcher,1
virgin,1
ante,1
notepad,1
compensation,1
inherent,1
p4,1
decorative,1
zoom,1
constitutes,1
compressor,1
moot,1
exfjs,1
blurted,1
stalked,1
beaten,1
exploring,1
ionic,1
biopsy,1
stair,1
strategic,1
drinkin,1
gamble,1
leviathan,1
hatillo,1
scooter,1
clippy,1
wiser,1
crow,1
flair,1
stealing,1
platformer,1
explodes,1
sorted,1
apologizing,1
hurl,1
vanquishes,1
thor,1
contentment,1
compile,1
purr,1
relegating,1
caterpillar,1
superfast,1
metallica,1
gps,1
presentation,1
offspring,1
bourne,1
rhetorical,1
sacrifice,1
concealed,1
84fd146,1
linemen,1
shrink,1
diffrent,1
brewed,1
benning,1
incentive,1
decipher,1
skirmish,1
niche,1
comcast,1
hawkeye,1
ryu,1
psychotic,1
probability,1
creamy,1
differentiate,1
scumbags,1
supportive,1
erasable,1
ny,1
automated,1
fajilix,1
augh,1
perk,1
lionel,1
lowest,1
specially,1
slighted,1
mistype,1
australian,1
broadcast,1
downside,1
reeaally,1
grassland,1
homecoming,1
gratifying,1
privately,1
enticing,1
barred,1
jigsaw,1
stj,1
dome,1
fired,1
tilt,1
comforting,1
ergo,1
passport,1
weirdness,1
begun,1
pollen,1
permanent,1
interior,1
telepathically,1
capital,1
babbling,1
120bpm,1
37m,1
counseled,1
dotted,1
repressed,1
dogishness,1
wolverine,1
nots,1
dosage,1
reflected,1
badassery,1
suprisingly,1
rex,1
tps,1
antidepressant,1
validating,1
mineral,1
decides,1
sharpened,1
publish,1
agent,1
enrolled,1
rawberry,1
freshman,1
superhero,1
mango,1
overlap,1
transition,1
busting,1
apologise,1
ohh,1
witnessed,1
ron,1
mmo,1
handler,1
portuguese,1
recurring,1
tight,1
qt,1
somwhere,1
blend,1
buxom,1
uneducated,1
upgrading,1
cerebropathic,1
2tb,1
4chan,1
gang,1
abit,1
unibomber,1
videwdownloadhelper,1
spacecraft,1
flogging,1
tangent,1
impedance,1
covering,1
celebration,1
phallic,1
sloth,1
abrasive,1
scholastically,1
scold,1
tirade,1
owner,1
perceived,1
flower,1
7th,1
afterall,1
restore,1
mow,1
tactful,1
bubbly,1
fronting,1
hormone,1
unclear,1
shouted,1
coursera,1
herded,1
somepony,1
arghhh,1
hiker,1
sparkys,1
hitler,1
achieving,1
scarface,1
karim,1
invited,1
spreefirit,1
practicing,1
argghh1h1h1h1h1h1,1
retaliation,1
thorax,1
highlighted,1
teh,1
gen,1
throttle,1
cheshire,1
showcasing,1
bitchiness,1
standpoint,1
lambada,1
strikingly,1
challenged,1
territorial,1
vcr,1
communicator,1
drank,1
binary,1
behold,1
pineapple,1
agression,1
marissa,1
gravelly,1
12m,1
adamant,1
netters,1
quantify,1
outa,1
remixes,1
joe,1
verse,1
nurtured,1
distraction,1
evoke,1
outlined,1
tablet,1
toned,1
heed,1
temp,1
unusually,1
sweeten,1
interviewing,1
eplaenty,1
disclose,1
pepperoni,1
simplifying,1
pda,1
appletinis,1
cubism,1
oth,1
godless,1
logistical,1
ooh,1
fated,1
areeeeeeeeeeeeee,1
tolerable,1
reduced,1
immersion,1
amazes,1
arrival,1
osullivan,1
behalf,1
handing,1
mindbogling,1
reeseman,1
steadfast,1
robbing,1
pickle,1
unethical,1
cluster,1
tickled,1
tempted,1
wand,1
veel,1
loeb,1
salt,1
peaceful,1
pizza…,1
meniscus,1
snoop,1
resourcefulness,1
allisreal,1
dec,1
ergometer,1
responded,1
boyz,1
stubble,1
noncommittal,1
u200e,1
criminally,1
timei,1
ingrained,1
achievement,1
albeit,1
preparation,1
searching,1
inglorious,1
attracts,1
exces,1
attire,1
spongebob,1
alexander,1
stereotypically,1
pie,1
mend,1
piglet,1
robync,1
amt,1
castigate,1
scallop,1
pratchett,1
healthiest,1
vapour,1
urine,1
dankjewel,1
revelation,1
font,1
dairy,1
rode,1
reddit,1
psh,1
arakkun,1
upper,1
relearn,1
orgasm,1
exterminate,1
modify,1
semantics,1
counceling,1
trough,1
monthly,1
bath,1
printer,1
offing,1
amusement,1
muster,1
selection,1
inb4,1
rachel,1
existed,1
25n,1
fk,1
gina,1
spit,1
bawling,1
descended,1
angelcat,1
x93you,1
fiatrix,1
tedious,1
narrow,1
misunderstands,1
recruiter,1
collaborating,1
primate,1
sand,1
burner,1
tanya,1
belongs,1
mcmurray,1
passout,1
hp,1
andy,1
mexican,1
miscalculated,1
ronpa,1
asexual,1
exec,1
finn,1
brainstorming,1
por,1
tj,1
greeting,1
10hr,1
tull,1
worded,1
su,1
laser,1
hulligans,1
layover,1
samsui,1
withdrawal,1
flea,1
appointing,1
butter,1
nutella,1
rod,1
experiances,1
donating,1
consultation,1
possibily,1
reys,1
discrimination,1
microwaveable,1
hypomanias,1
offline,1
paperback,1
limiting,1
byron,1
lala,1
posesive,1
cardboard,1
sooooooo,1
clark,1
separate,1
boondocks,1
boneh,1
disorganized,1
educated,1
slammed,1
geeft,1
nba,1
ornery,1
alias,1
15th,1
originates,1
picard,1
bouldering,1
prick,1
reported,1
plagiarize,1
bluff,1
simpatico,1
tortilla,1
transphobic,1
judgmentalism,1
coital,1
await,1
desperately,1
naughty,1
hermiones,1
dyslexic,1
stalenhag,1
nation,1
verity,1
deciding,1
dressing,1
rakoff,1
eradicate,1
bench,1
a380,1
retaliated,1
camel,1
tow,1
subtitle,1
textbook,1
pyjama,1
strangling,1
responding,1
whore,1
kardashians,1
defender,1
abroad,1
steping,1
devastate,1
amateur,1
4k,1
awwwwww,1
fp,1
esxx,1
stole,1
martin,1
symbolic,1
hypothetically,1
cristo,1
jeremy,1
beside,1
biker,1
inhibition,1
formula,1
reverse,1
nlp,1
misleading,1
stud,1
jewish,1
dadbody,1
extension,1
lung,1
clipper,1
minty,1
scattered,1
request,1
overcame,1
sacral,1
hahahhahahhaa,1
archipelago,1
pussy,1
gravitated,1
farmville,1
freakin,1
thereby,1
splat,1
vaccination,1
jungle,1
sang,1
del,1
cooper,1
toss,1
choke,1
unicornrainbowlove,1
swelling,1
erratic,1
lurking,1
unlimited,1
wisteria,1
buzzed,1
housewarming,1
angsty,1
nr,1
prayer,1
sl,1
ouch,1
furniture,1
unfairly,1
comical,1
thaiboxing,1
assistance,1
aspie,1
scratching,1
greenlight,1
matched,1
graph,1
melt,1
getter,1
boom,1
coolant,1
cache,1
singer,1
rethink,1
dimensional,1
hipster,1
housing,1
travis,1
hiring,1
hoodies,1
endangers,1
nostalgic,1
wowed,1
intellect,1
entropy,1
selflessness,1
el,1
recommendation,1
mfw,1
undetermined,1
quarterback,1
clumsy,1
booooooooooooooooooooooooooooooooooorrrrrrrreeeeeeeeeeeedddddddddddd,1
redo,1
splendid,1
reek,1
dangan,1
toed,1
tenancy,1
foe,1
geometry,1
showed,1
awe,1
dang,1
certainty,1
rowling,1
meeps,1
fee,1
coldplay,1
visiting,1
buffer,1
ironic,1
homophobic,1
balcony,1
cleaner,1
entitled,1
hath,1
adverse,1
upgrade,1
rise,1
woops,1
reich,1
formed,1
catalyst,1
gungame,1
polaroid,1
immortal,1
drewbie,1
amsterdam,1
vocational,1
james,1
processing,1
intolerant,1
elect,1
ave,1
outwardly,1
visceral,1
nutcase,1
uncharted,1
chronically,1
statham,1
dart,1
neal,1
beatiful,1
slut,1
invoke,1
funnier,1
excepted,1
reese,1
bdmtss,1
singular,1
clique,1
beholds,1
barbie,1
socialism,1
tied,1
nidai,1
empathetic,1
handwriting,1
query,1
encouragement,1
kirei,1
dane,1
gladiator,1
impreza,1
alec,1
manipulates,1
dogsitting,1
sundae,1
graaaaaaah,1
exotic,1
grave,1
dewie,1
agro,1
peeved,1
regrettably,1
foreseeable,1
faerie,1
tatty,1
sandler,1
cancelling,1
gripe,1
civil,1
damage,1
firstly,1
rpg,1
fanatic,1
rephrase,1
hummm,1
6th,1
191lbs,1
av,1
singularity,1
elective,1
clotted,1
noticeable,1
aforementioned,1
bandit,1
sparky,1
riled,1
approached,1
suffocating,1
tully,1
duelist,1
scam,1
paleontologist,1
mask,1
duty,1
walgreens,1
geographically,1
somali,1
coercion,1
specializing,1
confuse,1
appointment,1
montebella,1
aching,1
overlooked,1
conner,1
fondly,1
insulted,1
victoriab,1
tin,1
federalist,1
cursed,1
erotic,1
categorised,1
algebra,1
derived,1
ligament,1
solver,1
goodbye,1
drmiller100,1
rounded,1
howe,1
john,1
netherlanderthals,1
apologetic,1
critter,1
boost,1
helena,1
hallucinating,1
coated,1
fondling,1
fatal,1
file,1
admitting,1
hufflepuff,1
artisan,1
confessing,1
reinforcement,1
ilya,1
backward,1
dector,1
fredericton,1
gained,1
curved,1
prima,1
zord,1
helen,1
bean,1
srsly,1
integration,1
alpaca,1
suspecting,1
hypnopompic,1
demonstrate,1
motorhome,1
goon,1
leonard,1
appereance,1
westbrook,1
countertype,1
1w9,1
acknowledging,1
hazelnut,1
dilema,1
breakout,1
flame,1
teaspoon,1
pshhh,1
equate,1
carano,1
stalking,1
stathams,1
conservation,1
fourtines,1
harbor,1
eschew,1
grape,1
thereof,1
ribbon,1
slapped,1
squinty,1
lullaby,1
separated,1
chocolate,1
chandlery,1
communal,1
sheer,1
luggage,1
dawn,1
slinging,1
citizenship,1
directness,1
judger,1
bf3,1
scroll,1
italy,1
supertramp,1
magnifying,1
harvest,1
loki,1
cutscenes,1
battle,1
resistance,1
insp,1
mentioning,1
radiance,1
stiletto,1
abortion,1
ed,1
irked,1
delta,1
starbucks,1
senator,1
sue,1
xnfp,1
trig,1
trusted,1
revisit,1
shameful,1
hokkien,1
uniqueness,1
doke,1
materialism,1
stoic,1
suspension,1
rural,1
holistic,1
aide,1
schooling,1
varied,1
anticipated,1
tapping,1
earthbender,1
wavelength,1
mcnair,1
landing,1
concealing,1
bunny,1
seth,1
boston,1
carboy,1
lawyer,1
prom,1
misremembering,1
remarkable,1
defenseless,1
illinois,1
radiography,1
indulging,1
brainstorm,1
newark,1
potluck,1
purple,1
adolescence,1
severed,1
workforce,1
broccoli,1
judy,1
maladjusted,1
whistling,1
stopping,1
opportunistic,1
extractor,1
sweetie,1
africa,1
ntps,1
50cents,1
ik,1
fort,1
knoweth,1
anyones,1
unlucky,1
expies,1
composing,1
psychiatry,1
cod,1
chessboxing,1
fluid,1
carb,1
beforehand,1
observed,1
bender,1
hawk,1
underestimate,1
arranging,1
overloading,1
czech,1
qualifies,1
scrabble,1
breasd,1
immigration,1
crucified,1
crushing,1
layout,1
lcd,1
15min,1
puncture,1
blinded,1
orifice,1
prolonging,1
functianalyst,1
allergy,1
obesity,1
utrecht,1
squished,1
recognized,1
genesis,1
injured,1
rolled,1
violin,1
blueprint,1
detectable,1
iei,1
todd,1
crusader,1
cassette,1
softball,1
nyc,1
judged,1
rewatching,1
tennis,1
instilled,1
novelty,1
cal,1
subway,1
biologicalx85,1
28mpg,1
17th,1
kindle,1
osut,1
caloric,1
reassurance,1
inspiration,1
grapefruit,1
zoning,1
buster,1
bracket,1
damned,1
mutual,1
wether,1
dumbledore,1
carded,1
ohtochooseaname,1
speaks,1
helplessness,1
jamie,1
f4,1
censorship,1
compulsively,1
bearded,1
lagsalot,1
ofem,1
harken,1
frontline,1
overrated,1
drifted,1
berens,1
bloody,1
aback,1
wi,1
killllllllllllll,1
tesla,1
threaded,1
juicy,1
mw3,1
liver,1
mib,1
20mpg,1
paprika,1
pedestrian,1
ashton,1
exclude,1
bluffin,1
decidied,1
musk,1
perfumer,1
invictus,1
enumerating,1
glee,1
exxj,1
revolves,1
aww,1
audio,1
importantly,1
romanticize,1
oblige,1
aaaaaand,1
rave,1
franchise,1
bombing,1
modeling,1
phasor,1
meditative,1
assigned,1
thankxxyou,1
annual,1
neighbor,1
ingredient,1
closer,1
19th,1
washer,1
infpatty,1
grudge,1
outgrow,1
chef,1
aderal,1
interchangeable,1
pálinka,1
capitalize,1
aggressiveness,1
bodyguard,1
dew,1
cheesecake,1
hypocrisy,1
politely,1
lannisters,1
acceleration,1
advises,1
rally,1
keirseys,1
inanimate,1
sometype,1
sipping,1
yoda,1
liquor,1
occult,1
distinct,1
paintballing,1
confide,1
sg,1
freeze,1
linoleum,1
producer,1
douche,1
revision3,1
supreme,1
cringe,1
treadmill,1
soldier,1
tbbt,1
malicious,1
ripe,1
wishing,1
agogic,1
skater,1
bugging,1
hillarity,1
probate,1
sauce,1
misread,1
exhaustion,1
ima,1
warlock,1
edited,1
emptiness,1
suspended,1
exchange,1
hydreigon,1
zootopias,1
protect,1
molly,1
spoiling,1
bannable,1
morty,1
bri,1
pessimism,1
slap,1
contention,1
intutiors,1
cancel,1
snobbery,1
hisoka,1
rorkes,1
racism,1
distinguish,1
configuring,1
concedes,1
ipad,1
clickbait,1
ifs,1
pitch,1
linearly,1
solves,1
stuffing,1
conceptual,1
mrb,1
deductive,1
bugged,1
beetlejuice,1
shelf,1
introvertedness,1
enthusiastically,1
hesitate,1
medicate,1
adapter,1
goofing,1
mic,1
tarp,1
thatkillsme,1
sacre,1
metronome,1
robber,1
unfettered,1
skillful,1
archetype,1
climbed,1
cuddly,1
hazy,1
unforeseeable,1
disintegration,1
favored,1
themself,1
karting,1
phototype,1
preventive,1
flix,1
stimulus,1
tawkin,1
british,1
aesthetic,1
wording,1
airsoft,1
cisco,1
hamburger,1
learnt,1
reckon,1
thrive,1
watchful,1
pod,1
climb,1
accordingly,1
dreading,1
harassing,1
mischief,1
gasp,1
reveal,1
meditation,1
eerily,1
yank,1
hooker,1
gradual,1
dexterity,1
chopped,1
parted,1
sl4ysl3d,1
plymouth,1
fascination,1
antarctica,1
hernia,1
rejecting,1
disgusted,1
polar,1
feeding,1
coule,1
dialog,1
promethea,1
torture,1
tactical,1
projected,1
simmer,1
pedal,1
adopter,1
temped,1
café,1
parachute,1
enforcer,1
hosted,1
summon,1
planting,1
prising,1
eats,1
diverse,1
blackout,1
arose,1
einstein,1
investment,1
telescope,1
brighton,1
calculation,1
competency,1
metaphorical,1
hanna,1
fending,1
kiritsugus,1
cgi,1
mistreated,1
rep,1
fixable,1
catastrophic,1
whaaaa,1
mixtape,1
snowfrost918,1
dulls,1
lana,1
laughin,1
embrace,1
6hrs,1
forming,1
smarter,1
muddier,1
muck,1
checking,1
cajun,1
charming,1
explorer,1
legacy,1
volunteered,1
davincis,1
kickin,1
sticking,1
downward,1
outraged,1
bow,1
vooral,1
rising,1
2k,1
clarified,1
mounted,1
hornet,1
dictate,1
obliged,1
lone,1
surely,1
x360s,1
implement,1
mcqueen,1
wasp,1
paired,1
otonashi,1
kyle,1
compassion,1
relaxing,1
preview,1
untheoritical,1
legally,1
sheldon,1
argh,1
terry,1
betrayed,1
neph,1
rename,1
jiggling,1
exterior,1
reaper,1
inhibited,1
butthurt,1
transmitting,1
ambidextrous,1
transexual,1
sniperpandaism,1
insecurity,1
reverting,1
promo,1
biopic,1
bah,1
ummm,1
booty,1
thompson,1
iii,1
cheyenne,1
connectedness,1
clash,1
arises,1
soil,1
brajenful,1
infamous,1
jingle,1
fairness,1
honor,1
tackle,1
cynicism,1
lable,1
evidently,1
prepare,1
gilly,1
9am,1
exciting,1
clothing,1
existential,1
fabric,1
voldemort,1
freaky,1
jw,1
tombstone,1
ttp,1
anthropology,1
soppixo,1
fails,1
snatch,1
ruled,1
bauer,1
lint,1
wrestle,1
overthink,1
speechless,1
scofield,1
profit,1
kara,1
tweet,1
defeat,1
dubai,1
cram,1
buried,1
recreational,1
immortality,1
sour,1
thrace,1
penspinning,1
coach,1
blouse,1
xstps,1
ivey,1
tuesdayschild,1
walhberg,1
daydreaming,1
ness,1
consisted,1
glen,1
bleeds,1
alcoholic,1
idiocy,1
replacing,1
tyrant,1
boyish,1
hollow,1
sneaker,1
gov,1
rendition,1
confidently,1
spunky,1
undeterred,1
ssw,1
august,1
woohoo,1
superstar,1
southeast,1
asian,1
whittle,1
lake,1
meanwhile,1
technician,1
evokes,1
receipt,1
fund,1
happenstance,1
photobucket,1
flirting,1
humerus,1
expectantly,1
paperwork,1
attributed,1
cager,1
pound,1
haircut,1
console,1
extrovertish,1
dismissed,1
watchmaking,1
wisdom,1
inspection,1
cheetah,1
soup,1
adolescent,1
curry,1
ganoush,1
rail,1
flood,1
telephone,1
rafting,1
venlafaxine,1
potentially,1
stack,1
backpack,1
relying,1
nastiest,1
pursuer,1
criticizing,1
establish,1
reader,1
pseudo,1
00am,1
garfunkel,1
pry,1
algeria,1
hairdresser,1
purchase,1
tag,1
capsule,1
unibrow,1
ernest,1
ipman,1
swears,1
vary,1
formation,1
diagnosis,1
pollution,1
dense,1
neeeeeees,1
lk,1
additional,1
mal,1
rping,1
crafting,1
domestic,1
poorly,1
implying,1
evertime,1
broom,1
interstate,1
unaffected,1
timeless,1
confessed,1
nescessary,1
lan,1
oddly,1
pouting,1
locker,1
premium,1
snooker,1
untainted,1
survived,1
smt,1
sugary,1
cinderella,1
ix92ve,1
girly,1
stoner,1
skinwalkers,1
pennsyltucky,1
techno,1
headlight,1
10chars,1
doodle,1
ambitious,1
philly,1
englander,1
swim,1
hugable,1
alarmingly,1
gush,1
predisposing,1
visualization,1
derren,1
reliable,1
monologue,1
dov,1
peeking,1
expressionless,1
faceplate,1
tread,1
marginally,1
neuropsychology,1
gold,1
unwillingly,1
effing,1
makoto,1
fcir,1
niceness,1
feely,1
gritty,1
referencing,1
impersonation,1
consumed,1
restrict,1
celery,1
mtbi,1
parkour,1
belly,1
imply,1
jackpot,1
janeway,1
zip,1
jane,1
retention,1
gross,1
kansa,1
bieber,1
gorno,1
ramdom,1
sentai,1
arenahomme,1
paradox,1
francis,1
coordinator,1
ward,1
lobster,1
goodnight,1
sampling,1
appropriately,1
compromising,1
lelouch,1
manchester,1
forgiveness,1
threaten,1
completly,1
nicotine,1
limitation,1
elderly,1
spacex,1
deprive,1
closeted,1
ebay,1
onnnnnnnnnnn,1
sailor,1
armoured,1
heading,1
greatfull,1
pulled,1
designated,1
brave…,1
chiki,1
moar,1
fakelefty,1
keko,1
pirinccis,1
underneath,1
forgiving,1
obsolete,1
magnitude,1
invasive,1
lighthearted,1
narcoleptic,1
stellar,1
gammagon,1
baba,1
biomedical,1
boo,1
stating,1
batting,1
han,1
rowing,1
explosion,1
substitute,1
bluntness,1
clsoed,1
thx,1
cc,1
clarifiedmind,1
preface,1
bullcrap,1
graphist,1
commited,1
traded,1
powerpoints,1
drown,1
hypocrite,1
supersport,1
organizationally,1
stab,1
tango,1
freeman,1
libra,1
mathematics,1
everman,1
punching,1
recalibrated,1
corrugated,1
alinsky,1
aimed,1
natsume,1
perform,1
infiltrator,1
traveling,1
maiden,1
ensure,1
mindblowing,1
pleasurable,1
niro,1
civilized,1
styx,1
happier,1
1w2,1
hxh,1
enf,1
downloaded,1
wyomingite,1
inordinate,1
serving,1
sim,1
shore,1
oatmeal,1
bilingual,1
straighforward,1
stardoll,1
habeas,1
backlight,1
japan,1
lectured,1
nuanced,1
charity,1
stalling,1
phased,1
habanc,1
poison,1
spoken,1
epidemiological,1
symbolized,1
sings,1
crybaby,1
astralis,1
wallowed,1
disarming,1
moldy,1
tulkas,1
sized,1
sarcastic,1
aggresive,1
interruption,1
2hours,1
displaying,1
linked,1
tsp,1
yawn,1
dignity,1
staff,1
execute,1
operating,1
faked,1
edible,1
rethinking,1
bearable,1
modifying,1
liberal,1
recognise,1
champagne,1
compass,1
xxxx,1
fran,1
vegetation,1
bluntly,1
doms,1
unfunny,1
saul,1
hypersensitive,1
periodically,1
reciprocated,1
haywire,1
upstanding,1
orchestra,1
november,1
questionable,1
rubber,1
okaaay,1
alones,1
lollygaggering,1
helpfull,1
cutter,1
curiously,1
avoidance,1
aggravate,1
joinery,1
gluttony,1
diana,1
piqued,1
appreciating,1
slip,1
aged,1
misconstrued,1
expand,1
observant,1
toughness,1
ruler,1
competitively,1
8th,1
porcupine,1
sexually,1
smothered,1
procrastination,1
skiied,1
gel,1
ford,1
insufficient,1
pompous,1
delicate,1
healthcare,1
lore,1
lee,1
teleporting,1
terrorize,1
mach,1
prepping,1
mecha,1
fond,1
booze,1
mysteriously,1
dinosaur,1
refusing,1
swath,1
banger,1
lettering,1
facepalm,1
waterloo,1
heavenly,1
offending,1
distinguishing,1
dnd,1
duplicate,1
samsung,1
dabbled,1
squirming,1
et,1
vastly,1
fap,1
announced,1
claiming,1
craigslist,1
electrifying,1
analysing,1
x10000,1
melania,1
indoor,1
th,1
southern,1
goldfarb,1
solidworks,1
dwayne,1
budget,1
overcooked,1
comply,1
32462xxxx,1
chi,1
transmission,1
lationship,1
appreciation,1
que,1
dorsey,1
flirty,1
eeesh,1
firefighter,1
hawking,1
juri,1
prequels,1
grind,1
yippy,1
projection,1
aps,1
latin,1
malandro,1
edward,1
owned,1
benstein,1
established,1
mistypes,1
tower,1
ranting,1
convert,1
torment,1
mortgage,1
roast,1
kabob,1
requisite,1
momentously,1
wolf,1
kendama,1
mediocrity,1
suffer,1
authoritarian,1
luxurious,1
trivial,1
trilogy,1
toph,1
ordeal,1
vinnie,1
conceited,1
hoe,1
howd,1
spotter,1
thomson,1
kilometer,1
nan,1
ballistics,1
sincerity,1
jennifer,1
nardis,1
niednagel,1
verbally,1
indoors,1
fakeness,1
rooted,1
unwind,1
shopped,1
grounded,1
integral,1
occurrence,1
multifunctional,1
restraining,1
poo,1
liter,1
okcupid,1
wakachi,1
np,1
constitution,1
harrisburg,1
kidnapped,1
collegiate,1
sleepless,1
alison,1
sequestered,1
homosexuality,1
turnabout,1
mingled,1
confuzzled,1
chernobyl,1
aid,1
bball,1
malnutrition,1
monotonous,1
unpredictable,1
hugh,1
haynesworth,1
downpoured,1
musashi,1
punctuate,1
googling,1
hysterical,1
highlighter,1
evangelion,1
sweeney,1
prince,1
brief,1
partially,1
adaptation,1
cheeked,1
nietzsche,1
geddit,1
indonesia,1
microphone,1
x94,1
sf,1
tahiti,1
w00t,1
pulsing,1
humid,1
subjectivity,1
butchering,1
tuxedo,1
averaging,1
acid,1
jk,1
blurred,1
benefitting,1
hermano,1
scholarship,1
desperation,1
belgium,1
government,1
posited,1
spar,1
preform,1
spd,1
duke,1
swollen,1
mare,1
application,1
ancient,1
sod,1
subconsciously,1
ironman,1
ronnie,1
greener,1
ridiculously,1
chub,1
skating,1
bismark,1
mths,1
roadrunner,1
trainee,1
eval,1
symptom,1
x93one,1
recursion,1
farmhouse,1
lanky,1
similarly,1
melody,1
novel,1
tapped,1
christy,1
follows,1
crocheting,1
covered,1
usa,1
forehead,1
roof,1
nutshell,1
frilly,1
disapointed,1
poi,1
mia,1
brossel,1
stagnating,1
rn,1
tragedy,1
waterworks,1
santaaaa,1
raping,1
nd,1
comprehend,1
coping,1
nautilus,1
dich,1
clashing,1
gangsta,1
swordsman,1
hyperemotion,1
kristoff,1
fluff,1
austin,1
toning,1
dayum,1
lancer,1
rasputina,1
sfp,1
cersei,1
trusting,1
sensitivity,1
scratch,1
financial,1
taser,1
lasted,1
resigned,1
hedonism,1
glisten,1
aptitude,1
interstellar,1
ridiculousness,1
cruelty,1
optimistic,1
barrier,1
calendar,1
fuuuuu,1
taboo,1
florida,1
zarathustra,1
biochemistry,1
alzheimers,1
polychromatic,1
arnt,1
manages,1
stuffin,1
incase,1
west,1
pony,1
ahhh,1
recovered,1
homebrewer,1
swiped,1
withstand,1
rk,1
angela,1
rlx,1
wiffle,1
pep,1
stubbornness,1
splutter,1
drenched,1
beautifully,1
eucalypt,1
graduation,1
sucessfull,1
unapologetic,1
yang,1
comparing,1
sjw,1
arthur,1
converse,1
superiority,1
shutdown,1
pipe,1
verizon,1
morbid,1
kat,1
paraplegic,1
civilization,1
misuse,1
bragging,1
weakest,1
raped,1
inert,1
studio,1
unappreciated,1
deteriorated,1
neighbourhood,1
multitask,1
gozer,1
eyed,1
static,1
spiritual,1
owning,1
cerebral,1
basing,1
daniel,1
dafuq,1
unfinished,1
widow,1
bachelor,1
fb,1
wingsuit,1
csi,1
brighten,1
macho,1
percent,1
elicits,1
oral,1
overbearing,1
presently,1
rogan,1
insanity,1
stupidest,1
hagewood,1
2ft,1
startling,1
commented,1
ty,1
probly,1
sincere,1
marketing,1
zhivago,1
autopilot,1
parallel,1
phlegmatic,1
temporarily,1
personalitypage,1
improving,1
optipess,1
tetsu,1
crested,1
albuquerque,1
scruple,1
parade,1
attorney,1
tom,1
itunes,1
steel,1
thoughtfully,1
tropical,1
hillary,1
flout,1
yuujinchou,1
sheldons,1
lipsyncing,1
inviting,1
tuamotu,1
pinkrasputin,1
bleeding,1
eeeep,1
unhappiness,1
shahahadingdong,1
fastest,1
quinn,1
stiffness,1
mtv,1
vind,1
snowy,1
crossing,1
toggle,1
rekt,1
5x,1
f22s,1
rollercoaster,1
supervillain,1
lovecraft,1
attempted,1
oppurtunity,1
ramsay,1
kristen,1
plague,1
alaska,1
remains,1
summit,1
mosquito,1
consiously,1
basicly,1
diplomacy,1
ol,1
culturally,1
monochrome,1
gump,1
magnetism,1
libertarian,1
plainly,1
xavi,1
replicate,1
zoned,1
caved,1
gahh,1
golden,1
masad,1
ffxv,1
pouty,1
beef,1
spam,1
briefly,1
intonation,1
dubbed,1
clairetic,1
mcds,1
unmotivated,1
genuine,1
inhibation,1
refresh,1
apologize,1
wellbeing,1
mastered,1
gi,1
spouting,1
backwards,1
katzenjammer,1
qualia,1
celebrate,1
hermit,1
condescend,1
reel,1
socialising,1
burbs,1
derails,1
adrenalin,1
grandfather,1
untie,1
surrealism,1
bombed,1
originated,1
eccentric,1
meditating,1
leaked,1
wal,1
restorer,1
sleeve,1
delved,1
irrelevant,1
europa,1
cliqued,1
cushing,1
hitchhiker,1
chedder,1
strugling,1
offends,1
hypermobile,1
cuteness,1
ixtx,1
grr,1
mainframe,1
vigilant,1
spelling,1
fashioned,1
interfere,1
confuses,1
eikichi,1
cusp,1
energised,1
scathing,1
vernacular,1
goth,1
storage,1
rona,1
disco,1
net,1
extenuating,1
loneliness,1
behavioral,1
bitcoins,1
simplest,1
meter,1
depleted,1
richie,1
archeologist,1
elvine,1
guardian,1
eagleeye,1
loaf,1
masochism,1
spake,1
angst,1
remington,1
30th,1
elp,1
pea,1
injure,1
relies,1
surf,1
consulting,1
contributes,1
sway,1
megan,1
bernays,1
restart,1
cetera,1
cropping,1
delve,1
documentary,1
keirsey,1
roi,1
undeserving,1
releasing,1
trader,1
braze,1
congress,1
gifs,1
footballer,1
nonreligious,1
communist,1
distorted,1
resent,1
grandeur,1
overthinking,1
utmost,1
precise,1
demeanor,1
acknowledgement,1
galapagos,1
dozen,1
minding,1
avi,1
socialize,1
roidraged,1
maintainance,1
dangled,1
espers,1
10mm,1
stroll,1
gravity,1
unrewarding,1
plane,1
wierd,1
advantageous,1
depressive,1
fakery,1
impact,1
morality,1
defeated,1
nasa,1
infracted,1
randroth,1
operandi,1
replaced,1
alle,1
geek,1
kayaking,1
meaninglessness,1
revolving,1
acoustic,1
landofthesnakes,1
theoretically,1
parasite,1
smashing,1
heroin,1
instruction,1
rebellion,1
progressive,1
intown,1
dandelion,1
heater,1
prettier,1
incompatibilia,1
qantas,1
kazakhstan,1
toe,1
conventionalists,1
hag,1
croissant,1
powered,1
duderinos,1
bleacher,1
shitstorm,1
cremated,1
canon,1
border,1
preferibly,1
mobster,1
lotr,1
pragmatic,1
tradition,1
alia,1
santa,1
oo,1
33mm,1
crapload,1
shitll,1
grasp,1
shuck,1
thingy,1
ps2,1
chinotto,1
innocently,1
wii,1
boob,1
principally,1
mockery,1
operate,1
heheh,1
160lbs,1
doomed,1
cordination,1
bum,1
perfume,1
programmer,1
recreation,1
regeneration,1
moreno,1
fueled,1
educate,1
fluffy,1
sipped,1
nyroom,1
gmt,1
handgun,1
vivian,1
jacob,1
assign,1
precies,1
generator,1
patterning,1
legit,1
descriptive,1
definately,1
toll,1
syndrome,1
concur,1
commander,1
gland,1
tax,1
peh,1
confronting,1
salty,1
accountant,1
rebuild,1
mustang,1
reptile,1
payday,1
fudge,1
virgo,1
importance,1
brainwash,1
jcal,1
venue,1
animated,1
throughout,1
minutia,1
bleached,1
feelin,1
earthling,1
prostitution,1
zumba,1
sustain,1
packed,1
weirdly,1
canyon,1
angled,1
rupp,1
abussive,1
wagging,1
swapped,1
misato,1
xox,1
untrue,1
gentleman,1
obstinate,1
zoe,1
contested,1
slowed,1
advil,1
intpintjistjestp,1
affectionate,1
newcomer,1
transistor,1
blowingly,1
orga,1
baker,1
purification,1
carmine,1
michigan,1
tightwad,1
translates,1
cliche,1
internalize,1
inherited,1
feral,1
mastery,1
bio,1
extraversion,1
robotic,1
consistent,1
hatin,1
replica,1
romanticism,1
spoonfed,1
excite,1
analyse,1
rose,1
chuck,1
x93still,1
wiring,1
knight,1
kloppen,1
owl,1
dolomite,1
kinesthenic,1
5th,1
remark,1
krystal,1
blaming,1
dc,1
cityroxborough,1
xxxxx,1
plannerx94,1
opt,1
mercy,1
dim,1
kane,1
12h,1
geass,1
violated,1
shrugged,1
dared,1
nek,1
sideways,1
gallon,1
marine,1
tammy,1
despicable,1
hooo,1
taller,1
defaced,1
inconsiderate,1
clutch,1
nagging,1
imperceptible,1
dismantle,1
dote,1
pervy,1
lincoln,1
overemotional,1
ixtps,1
menstrual,1
speeding,1
slamming,1
explicit,1
literal,1
darner,1
undeniable,1
consent,1
ravenclaw,1
sjrpgs,1
kennelly,1
pacino,1
mating,1
coffe,1
mindful,1
committing,1
greyjedi,1
jaffe,1
shaky,1
replaying,1
beachmasters,1
ck,1
ayy,1
sportz,1
east,1
dagger,1
accidentally,1
cinematography,1
scuba,1
thorweeps,1
representation,1
obscene,1
hippie,1
goofball,1
mext,1
darwin,1
omnipotent,1
counsel,1
adrenoline,1
atomistic,1
inxjs,1
jan,1
socket,1
urg,1
discriminate,1
manly,1
fil,1
mislaid,1
commenting,1
ghosting,1
pschall,1
cracker,1
moby,1
hierarchy,1
thatdamnfieryseagoat,1
recognised,1
solitary,1
chitchat,1
olivia,1
petal,1
deepest,1
maintaining,1
x93kiddox94,1
teehouse,1
dl,1
concert,1
communicating,1
focusing,1
terrific,1
entpish,1
symbolizes,1
luxury,1
touchpad,1
dudettes,1
steamed,1
hemi,1
invite,1
bothy,1
stats,1
1v1,1
´¯………,1
armchair,1
calmed,1
uncaring,1
dusting,1
railway,1
uboat,1
wined,1
leechers,1
1960s,1
overboard,1
mcdonald,1
sorting,1
chiefly,1
fiance,1
meditate,1
tryout,1
xmas,1
nauseating,1
laramie,1
versed,1
soothing,1
extravert,1
proof,1
muffin,1
democrat,1
saturn,1
threatened,1
urdu,1
hahahaahaha,1
narcissist,1
knowledgeable,1
serenity,1
sniping,1
visionary,1
overhaul,1
bcit,1
mustered,1
snatching,1
ripping,1
armstrong,1
goin,1
overplay,1
cereal,1
pray,1
melodica,1
involve,1
spectrum,1
korea,1
majored,1
yeasties,1
mafia,1
pouring,1
airstrip,1
bud,1
bodied,1
gentle,1
mutation,1
colorful,1
webpage,1
gorilla,1
trekbridget,1
frisbee,1
delicioso,1
romantically,1
gilmore,1
inconsistent,1
flunked,1
ftx,1
chatty,1
uppsala,1
kix,1
bowl,1
interracial,1
atm,1
nero,1
babygirl,1
massacre,1
trou,1
emasculate,1
effacing,1
astronautalis,1
entertainment,1
appellation,1
bard,1
ponders,1
valve,1
eng,1
moncheri,1
spew,1
upto,1
spec,1
fiberoptic,1
welp,1
restlessness,1
duders,1
nuance,1
approximatly,1
baseball,1
prescribed,1
shining,1
farmer,1
hungover,1
dialect,1
azkaban,1
francisco,1
navigate,1
knackered,1
snip,1
humorous,1
hyperbole,1
avalanche,1
observe,1
mere,1
chrome,1
ideology,1
emphasize,1
lingo,1
limitless,1
fuqin,1
willeford,1
bingo,1
dedicate,1
cudos,1
contemplate,1
staple,1
reproduced,1
peep,1
esxps,1
simplicity,1
expending,1
nutrition,1
barkhouse,1
keanes,1
hah,1
throating,1
amped,1
184cm,1
pollack,1
columbine,1
scot,1
contribution,1
pillar,1
earnest,1
minority,1
aggress,1
webcam,1
chamfer,1
dutt,1
improv,1
oxford,1
itps,1
remake,1
daenerys,1
gaslighting,1
belong,1
sleeper,1
factory,1
curio,1
3pm,1
literately,1
untill,1
indoctrinated,1
minecraft,1
chode,1
cockiness,1
winced,1
abusing,1
fanfic,1
roosevelt,1
sporty,1
dja,1
theorist,1
resonated,1
imgur,1
namely,1
chewed,1
restricting,1
android,1
distrustful,1
generalize,1
rubella,1
parked,1
equally,1
isxp,1
dive,1
magic,1
enjs,1
quiver,1
bermuda,1
rivalry,1
jaywalking,1
kindve,1
sponsorship,1
lease,1
chucked,1
agony,1
impress,1
ontop,1
socioeconomic,1
figment,1
bottled,1
reactor,1
surprisingly,1
adam,1
attended,1
homestead,1
inverted,1
heist,1
syllabus,1
heartless,1
robin,1
wwe,1
jo,1
sensational,1
flux,1
sara,1
solar,1
obligation,1
donna,1
whew,1
picasso,1
kayak,1
imposed,1
cologne,1
mhmm,1
octopussy,1
offroading,1
blown,1
10hrs,1
nauseous,1
senor,1
huggins,1
nicely,1
millionare,1
pleasantry,1
westlake,1
obsession,1
wary,1
individualistic,1
bringin,1
decadent,1
danceable,1
fry,1
selbst,1
commitaphobes,1
int,1
insufferable,1
scotch,1
clogged,1
blog,1
mutually,1
teybo,1
notification,1
snort,1
dis,1
floodgate,1
pov,1
tolerant,1
uncover,1
offs,1
combustion,1
uninteresting,1
87kg,1
interrogated,1
determines,1
phil,1
eek,1
diminutive,1
subsection,1
polynesia,1
jimmy,1
whenevs,1
weavile,1
awhile,1
considerable,1
habla,1
severely,1
saitamas,1
fermentation,1
competitive,1
adeptness,1
plugins,1
stewart,1
harrison,1
hairless,1
burp,1
effortless,1
eta,1
childlike,1
revel,1
browse,1
slot,1
radio,1
pancreatic,1
seattle,1
submarine,1
morally,1
detrimental,1
narcissistic,1
hahahahahaha,1
discernible,1
chic,1
monte,1
akira,1
vdgg,1
inventing,1
fad,1
severus,1
rgb,1
yos,1
spain,1
nullified,1
jewelry,1
identifying,1
denied,1
bamboo,1
compromise,1
brick,1
jutify,1
macadamia,1
customizing,1
lotion,1
shipwright,1
gadget,1
jose,1
heterosocial,1
sooner,1
fatigue,1
smallesque,1
spared,1
doubted,1
recognizing,1
itsme45,1
lgbt,1
insulting,1
armed,1
perfected,1
constructing,1
pencil,1
orange,1
spoof,1
understatement,1
oneal,1
me…,1
sourpatch,1
pizzeria,1
rent,1
beth,1
rainquility,1
restrictive,1
trishelle,1
imagined,1
prize,1
packard,1
iirc,1
spur,1
minx,1
desired,1
engagement,1
cheezy,1
fwiw,1
cruise,1
antenna,1
fiery,1
disinterested,1
screechy,1
flick,1
unconquerable,1
aw,1
interchangeably,1
ac,1
deserved,1
vigorous,1
advancing,1
formulated,1
spiral,1
trigonometry,1
junior,1
zynthaxx,1
zo,1
ldrs,1
refugee,1
cristiano,1
schoolboy,1
override,1
peacemaker,1
tub,1
godsmack,1
pfft,1
sample,1
moronic,1
entering,1
brightness,1
sunburn,1
underground,1
brand,1
buildin,1
spiked,1
recount,1
animatrix,1
establishing,1
criticism,1
catalogue,1
advocate,1
10n,1
breakfast,1
centered,1
conversion,1
happiest,1
invincible,1
portishead,1
driller,1
pajama,1
lumostartarus,1
encroaching,1
spice,1
trippy,1
om,1
pb,1
skyfall,1
holcomb,1
personalicist,1
sprinting,1
mph,1
tomboyish,1
volunteering,1
morose,1
eff,1
tribute,1
squeeze,1
ineffective,1
boonies,1
confirmation,1
neighbour,1
mildly,1
haggered,1
yknow,1
saner,1
tenacious,1
dag,1
bernardino,1
cinema,1
torch,1
noiraddict,1
pronounce,1
united,1
lupus,1
bubblegum,1
ruger,1
whelp,1
nearest,1
crane,1
d3n1al,1
aggrovated,1
kitty,1
manifestation,1
backed,1
sjs,1
grappling,1
soaked,1
retaining,1
provocative,1
renewal,1
beibs,1
steak,1
marvelously,1
tap,1
sloan,1
yeast,1
duck,1
spirituality,1
tarzan,1
contains,1
chime,1
began,1
nightienapalm,1
platonic,1
uplifting,1
karachi,1
inaccuracy,1
endless,1
hotter,1
leonardo,1
trauma,1
obedience,1
lonewaer,1
lorazepam,1
unit,1
pron,1
nazi,1
hark,1
erkenne,1
rated,1
trout,1
avoidant,1
mug,1
alonso,1
committed,1
enormously,1
anaconda,1
loaded,1
hollywood,1
unintentional,1
wakeman,1
agreement,1
saturated,1
vicinity,1
instantly,1
stout,1
coincided,1
cloud,1
canine,1
welder,1
babyface,1
mmpffmfp,1
retro,1
horizon,1
fd,1
chii,1
korean,1
squarish,1
scott,1
tripped,1
electro,1
fossil,1
brass,1
reconnecting,1
sentiment,1
sarah,1
spreading,1
futility,1
bomber,1
ngl,1
homicidal,1
bleu,1
0f,1
escalates,1
salmon,1
thee,1
gabriel,1
creep,1
lightweight,1
arecibo,1
enjoyment,1
carefree,1
adjustment,1
shifting,1
racing,1
hickups,1
logging,1
violating,1
patriot,1
grated,1
bassist,1
sequential,1
identical,1
6ft4,1
frosty,1
poured,1
optimism,1
nabbits,1
exhibited,1
mixing,1
situaution,1
revert,1
tucker,1
b4,1
snes,1
assassin,1
tini,1
subaru,1
overanalyze,1
kermits,1
oops,1
wynette,1
triggering,1
ooops,1
gravitate,1
charlie,1
voltron,1
incompatible,1
dabbling,1
suicidal,1
intension,1
glenn,1
coordination,1
prop,1
respectively,1
naw,1
inactivity,1
twist,1
ethnicity,1
possibriiiii,1
monitoring,1
colleague,1
twilight,1
accused,1
hypocritical,1
tinychat,1
agreeing,1
circlejek,1
glory,1
follower,1
switchy,1
employment,1
fluctuated,1
5am,1
endocrinological,1
shiny,1
prius,1
shesh,1
absent,1
fearless,1
tang,1
unorganized,1
steaming,1
mandrel,1
infidelity,1
nuff,1
lax,1
cue5c,1
civilly,1
acknowleged,1
logo,1
helipad,1
spearhead,1
intriguing,1
tantrum,1
annoyingly,1
nudging,1
payload,1
pond,1
oooooowkaaaaaaay,1
genuinely,1
merida,1
apollo,1
significance,1
articulate,1
ohio,1
minnow,1
patrol,1
doctorate,1
ellipsis,1
denizen,1
faking,1
dust,1
effectiveness,1
looping,1
offered,1
thick,1
whirlwind,1
policy,1
verrrrry,1
sector,1
gattaca,1
medicine,1
phobia,1
whim,1
orgy,1
pua,1
hormonal,1
unconditional,1
clouded,1
trumpet,1
conan,1
displeased,1
riley,1
groove,1
evident,1
zoologist,1
crook,1
lecter,1
dutch,1
translate,1
airport,1
walker,1
nephropathy,1
predatory,1
bc,1
cutthroat,1
wei,1
eyre,1
volvo,1
specious,1
artistic,1
critizised,1
london,1
discussed,1
cheapskate,1
cryptocraphy,1
40h,1
perceives,1
visibility,1
penetrated,1
sombra,1
fundamentally,1
etg,1
latrine,1
archer,1
tortured,1
pessimistic,1
sleepy,1
cement,1
affinity,1
tutorial,1
zealand,1
bullet,1
buries,1
stamp,1
amuses,1
chad0,1
divider,1
paralyzes,1
smfh,1
introspecting,1
stressing,1
improvisation,1
rotor,1
x93precocious,1
reached,1
thermostat,1
individualist,1
dst,1
inconvenience,1
ff13,1
plushies,1
illusive,1
regiment,1
theorising,1
heya,1
endearing,1
allthethings,1
istpers,1
passionate,1
steph,1
plea,1
pained,1
threshold,1
mainstream,1
emoji19,1
promising,1
relic,1
suede,1
colt,1
guest,1
toque,1
preparing,1
expiration,1
thy,1
promptly,1
equestria,1
locomotive,1
subconsious,1
samurai,1
elapsed,1
roaching,1
baliset,1
prefers,1
tn,1
earned,1
brady,1
castrated,1
kaji,1
jp,1
celebritytypes,1
10r,1
deffinitely,1
r9k,1
cotton,1
faulting,1
damnit,1
inflated,1
alyssa,1
50ish,1
gozerian,1
psychedelic,1
buttfuckit,1
miscommunicating,1
proportion,1
eachother,1
everclear,1
apperently,1
edm,1
unwinding,1
curtis,1
assembling,1
bruise,1
calfire,1
demonizing,1
augur,1
receptionist,1
performance,1
exxps,1
backyard,1
mime,1
wikipeda,1
synchronized,1
unshackled,1
doer,1
mar,1
commanding,1
iteratively,1
ik3,1
solitude,1
extensive,1
cruel,1
ronin,1
monotone,1
exercising,1
stantz,1
locate,1
mm,1
seeable,1
uncanny,1
crazed,1
stevie,1
derive,1
narcolepsy,1
touring,1
ray,1
satisfying,1
cassini,1
happyness,1
mc,1
gladio,1
goddamn,1
athleticism,1
favorize,1
fined,1
mungus,1
gathered,1
peeing,1
sedate,1
tongs,1
conscription,1
sole,1
sensation,1
exhibition,1
baselayers,1
gourmet,1
willful,1
addressed,1
rebuilt,1
deprecator,1
bambi,1
stern,1
jones,1
hbo,1
roam,1
familial,1
descriptives,1
evaluate,1
sweetest,1
hiked,1
discrepancy,1
cbelle,1
crn97,1
brown93,1
conforming,1
evolve,1
asmr,1
irish,1
improved,1
outdoorsy,1
refreshing,1
renaming,1
rattlesnake,1
awaken,1
fundamental,1
thhe,1
djarendees,1
likelihood,1
whatso,1
managing,1
classing,1
sword,1
soap,1
misreading,1
sherlock,1
continuously,1
tink,1
fo,1
humanitarian,1
ram,1
quoted,1
internally,1
upwind,1
incorrectly,1
silk,1
ide,1
ahaaa,1
quran,1
pwowq,1
p3,1
gool,1
nontypical,1
pollock,1
dunham,1
slam,1
doh,1
speculation,1
cades,1
xxxjs,1
silverapples,1
deliciously,1
suppress,1
psychiatric,1
pragmatist,1
pullled,1
copyright,1
unexpected,1
nanajndasdsadasnadjlknd,1
ranging,1
dungeon,1
cannibalistic,1
preferring,1
gunsmith,1
keen,1
evans,1
basement,1
thermodynamics,1
sunglass,1
foxx,1
scheming,1
unlikely,1
widely,1
frown,1
tryin,1
stereotyping,1
skewed,1
gushing,1
enthusiast,1
paste,1
sha,1
tweaking,1
ust,1
verge,1
sooo,1
untag,1
leopard,1
witness,1
battlefield,1
vvitch,1
patsy,1
charging,1
whatsapp,1
mint,1
atom,1
4d,1
grimm,1
bombarded,1
noob,1
topping,1
goooooone,1
george,1
jackie,1
clarkson,1
10k,1
kickass,1
gl,1
plumbing,1
indiana,1
windowlicker,1
mmmmmm,1
trouser,1
1v,1
tank,1
largest,1
calaway,1
franchisees,1
prevents,1
edgeways,1
beleave,1
pressurized,1
ace,1
neet,1
grace,1
oitg,1
ios5,1
contain,1
stylized,1
differs,1
station,1
sandboarding,1
barbeque,1
28th,1
fearful,1
coat,1
ultimate,1
2w3,1
gallows,1
calmer,1
agonizing,1
darko,1
upstate,1
deviled,1
effortlessly,1
lezen,1
infectious,1
loudly,1
cube,1
separation,1
judis,1
hannibal,1
yaaaaay,1
lick,1
faded,1
exacerbated,1
rustling,1
malfunction,1
louis,1
carthartt,1
organise,1
guard,1
differentiating,1
travesty,1
alley,1
figuratively,1
microexpression,1
terminator,1
shh,1
entry,1
deed,1
cursive,1
bodywash,1
binge,1
flanking,1
priceless,1
ehhh,1
reduces,1
miracle,1
couldve,1
regretted,1
tour,1
circumnavigating,1
monalisa,1
pi,1
galldune,1
awkwardly,1
wowee,1
specie,1
paypal,1
stillness,1
diagram,1
lighter,1
cultural,1
artifact,1
protective,1
gleefully,1
idealized,1
brat,1
bruford,1
okey,1
but…,1
tramp,1
determining,1
yu,1
postgrad,1
merit,1
clinical,1
circuit,1
unanimous,1
marijuana,1
realised,1
dependant,1
corporate,1
harvard,1
glutton,1
heroine,1
pinpoint,1
transcendence,1
bravo,1
breaker,1
monosyllabic,1
drew,1
hint,1
inauthenticy,1
tiger,1
lenores,1
noted,1
letsride,1
tofay,1
taco,1
stipulation,1
handspring,1
permit,1
macdonald,1
spread,1
prosthetic,1
weekly,1
dramatically,1
abnormality,1
diversion,1
axe,1
sasuke,1
apocalypse,1
motif,1
rinse,1
offender,1
paintball,1
faux,1
overstated,1
illustration,1
scoped,1
nsa,1
compatible,1
wittle,1
flak,1
sho,1
vancouver,1
travelling,1
machina,1
unimpressed,1
giveway,1
quarter,1
keeled,1
thrived,1
historically,1
partial,1
modus,1
suspicious,1
torturing,1
sic,1
bafm,1
ff,1
woav,1
skele,1
wernt,1
container,1
catagory,1
plc,1
drunken,1
necklace,1
mishmash,1
brooklyn,1
polite,1
highlander,1
coherent,1
3f27dcc,1
sfpish,1
taxi,1
saddest,1
rich,1
meat,1
lent,1
mememe,1
wholly,1
elmore,1
wellfxd,1
transfer,1
ozzy,1
dominate,1
repressing,1
illiterate,1
scariest,1
perfectionism,1
cm,1
controversial,1
disproportionate,1
nonetheless,1
disgaea,1
rotary,1
danganronpa,1
bridge,1
exceptionally,1
codeword,1
ghostpony750,1
bitchy,1
misdemeanor,1
comitting,1
whip,1
nonnaci,1
bushing,1
perpetrating,1
ireland,1
recover,1
suggestivly,1
outlet,1
turquoise,1
swordfish,1
housekeeping,1
minus,1
molded,1
thief,1
owes,1
rogers,1
saddle,1
skipper,1
abrupt,1
harris,1
elitist,1
billionaire,1
mourinho,1
quirk,1
newspaper,1
gluenkos,1
elicit,1
rescue,1
seething,1
beacuse,1
yyaasss,1
lace,1
sti,1
fuq,1
sec,1
clinging,1
interestingly,1
abiding,1
unstoppable,1
auditory,1
shackleton,1
void,1
het,1
adjust,1
strangle,1
spartanic,1
whittling,1
castrate,1
romance,1
eaten,1
ingenuity,1
mmm,1
painted,1
south…,1
cooked,1
corgi,1
ape,1
buff,1
vibration,1
kentucky,1
batmobile,1
anal,1
antic,1
european,1
simpler,1
x93strategistx94,1
elevn11one,1
tempered,1
mercenary,1
loathe,1
russia…,1
minimal,1
frat,1
yoga,1
altogether,1
subsequent,1
medallion,1
manner,1
yahoo,1
fortified,1
relating,1
goofy,1
niccolo,1
critique,1
types…,1
sermon,1
inauthenticity,1
flirtation,1
snl,1
punisher,1
mutt,1
weigh,1
hopelessly,1
skeptic,1
voyage,1
jamming,1
inducing,1
exploit,1
twitching,1
cracking,1
hvac,1
hallucination,1
ohhhhhhhhhhhhhh,1
regulary,1
filtering,1
hoo,1
zx,1
executing,1
checkpoint,1
yuki,1
aaaan,1
annually,1
racial,1
amen,1
fury,1
attaining,1
rpgs,1
overuse,1
exorcist,1
longsleeve,1
intimacy,1
sql,1
romantical,1
bummer,1
frigging,1
gunfighting,1
caltrans,1
incorrigibly,1
stonewalls,1
handy,1
eyebrow,1
spine,1
belt,1
jungyesmbtino,1
rickle,1
isxjs,1
mac,1
decorate,1
thinner,1
median,1
arise,1
immigrant,1
dodgy,1
itch,1
mushin,1
cottage,1
perusing,1
idiotic,1
irrationally,1
sewing,1
plug,1
discworld,1
radical,1
clive,1
yum,1
againi,1
dali,1
amperage,1
handholding,1
muslim,1
harassment,1
clone,1
minor,1
nagato,1
curvature,1
despair,1
deer,1
triathlon,1
nighters,1
jethro,1
repeated,1
cock,1
retire,1
terrier,1
theyx92re,1
dumbassness,1
congratz,1
accustomed,1
vocalize,1
tertiary,1
stallone,1
swamped,1
slash,1
defend,1
definatly,1
swanson,1
raspberry,1
licence,1
heal,1
gabrielle,1
restriction,1
wrx,1
learner,1
waaaay,1
bxat,1
gcse,1
unsurprising,1
influenced,1
34mm,1
uncommon,1
accentuate,1
coin,1
languange,1
emberfly,1
fence,1
idgaf,1
sticker,1
deny,1
migght,1
dwarf,1
sumatran,1
cathole,1
chupita,1
memphis,1
begging,1
slower,1
perc3,1
mud,1
myhands,1
stauth,1
often…,1
isshin,1
estimated,1
artwork,1
target,1
orig,1
smith,1
fattest,1
unfamiliar,1
escalated,1
detracts,1
ofm,1
vegetarian,1
30pm,1
sequel,1
gooey,1
lasagna,1
impala,1
tooth,1
sadistic,1
scientifically,1
mob,1
bullying,1
pictured,1
earthly,1
heartfelt,1
labled,1
combatives,1
hal,1
dire,1
grad,1
bikers,1
freelance,1
gettysburg,1
garlic,1
erotica,1
curve,1
television,1
calypso,1
disappointment,1
yupyup,1
twisting,1
mocked,1
yakawa,1
vinyl,1
resourceful,1
seared,1
striped,1
faceboom,1
insist,1
cbr,1
timid,1
synapsis,1
coke,1
warrant,1
geo,1
adelaide,1
phrased,1
downright,1
invent,1
revising,1
piercing,1
chemical,1
risking,1
rotating,1
dw,1
unleash,1
dissatisfaction,1
garment,1
misunderstand,1
wrist,1
pushy,1
exploration,1
215lbs,1
guilttrip,1
airbender,1
nephew,1
5ish,1
raw,1
10am,1
draped,1
adblock,1
raising,1
exit,1
mer,1
ragin,1
nomnoming,1
yeh,1
subforums,1
midterm,1
draftsman,1
calculator,1
swamp,1
nilly,1
alumnus,1
quest,1
personalitycafe,1
initiated,1
checker,1
haste,1
invented,1
theatrical,1
starks,1
implication,1
speculate,1
onlooker,1
enxj,1
occupy,1
accuse,1
ooooh,1
workaholic,1
duration,1
prayed,1
directing,1
acceptance,1
hovering,1
u200b¨¯,1
l7,1
gozers,1
pleasing,1
spelled,1
dbz,1
cap,1
rationality,1
energized,1
carton,1
situational,1
problematic,1
investing,1
creation,1
diligence,1
flynn,1
meepers,1
luna,1
poster,1
dare,1
burrito,1
trace,1
null,1
abandoned,1
horizontally,1
vyliam,1
rushed,1
appalling,1
january,1
snowflake,1
hitchcoks,1
mcgooglan,1
warming,1
shitposting,1
visibly,1
shadowed,1
yielded,1
wooden,1
hogfather,1
awesomeness,1
patriotic,1
hemingway,1
escaped,1
kindergarten,1
beneath,1
fantasizing,1
crotch,1
seamstress,1
excelling,1
explicitly,1
enthusiasm,1
szartsky,1
powerthirst,1
i̇t,1
heartofpompeii,1
navigated,1
closing,1
misdiagnosis,1
dorky,1
detain,1
snc1878,1
audiobooks,1
gum,1
churchill,1
supported,1
shaman,1
mouse,1
motto,1
deadly,1
dermal,1
pitching,1
rudimentary,1
restless,1
prevalent,1
cuda,1
penetrate,1
relocate,1
credibility,1
reluctantly,1
gameplay,1
defective,1
usage,1
repeatedly,1
tourist,1
accidentaly,1
sympathetic,1
prolly,1
ridden,1
discover,1
promiscuous,1
smoked,1
miyamoto,1
posh,1
intersting,1
tajin,1
boarder,1
lowkey,1
rained,1
brolly,1
shriveling,1
xsfp,1
preach,1
legalization,1
dario,1
eyegasm,1
shameless,1
germantown,1
reducing,1
psyco,1
july,1
vin,1
upsetting,1
cfa,1
kages,1
mathew,1
sneaky,1
dice,1
hiccup,1
woooaww,1
dorothy,1
substantial,1
fiftyshoes,1
meta,1
asideone,1
ferment,1
alchohol,1
perfectionist,1
underachieve,1
redshirts,1
flatmate,1
absorbed,1
appearing,1
continuous,1
typist,1
funniest,1
ledge,1
mql4,1
beware,1
decisiveness,1
greasy,1
oneself,1
functi,1
insult,1
midnight,1
salary,1
barbarian,1
muthaf,1
measured,1
vagrant,1
roughneck,1
transform,1
patronize,1
commit,1
shapeshift,1
verified,1
arnold,1
successfully,1
basket,1
charm,1
jet,1
stringing,1
wannabe,1
bluffing,1
guestion,1
hookah,1
mcbeepers,1
alarmed,1
novella,1
tru,1
discourage,1
daylightsun,1
lil,1
dearlybeloved,1
expressed,1
maturity,1
reflects,1
chore,1
hypersexual,1
heeled,1
althought,1
ironically,1
dishonesty,1
myth,1
turbo,1
americorps,1
dyou,1
jamiebond,1
cringey,1
aaand,1
chao,1
6ft,1
psych,1
chuckle,1
totaled,1
exaggerated,1
mannerism,1
braggart,1
conformity,1
crumley,1
kutcher,1
accounting,1
dan,1
sage,1
cheer,1
bisexuality,1
wikihow,1
harmonica,1
ops,1
isolation,1
quirky,1
focussed,1
citizen,1
regroup,1
rtm,1
predicting,1
depiction,1
mongolia,1
indirect,1
breeding,1
unlike,1
melee,1
shrivel,1
rin,1
testable,1
unreasonable,1
leuk,1
dodged,1
misspelled,1
dismemberment,1
stunningly,1
trope,1
porridge,1
flaw,1
aweful,1
hahahah,1
3k,1
frankly,1
verve,1
hay,1
andre,1
manoeuvring,1
ovation,1
firm,1
corpus,1
akala,1
stroke,1
opinionated,1
footprint,1
ntj,1
exothermic,1
infact,1
neatness,1
katie,1
15lbs,1
conception,1
teavana,1
blazing,1
personalitypathways,1
marketable,1
tick,1
lovable,1
radar,1
cp,1
goodness,1
effin,1
censor,1
snarkery,1
collected,1
ingles,1
transpacific,1
blasting,1
boiling,1
explanatory,1
wallow,1
skype,1
exorcism,1
char,1
dehydrate,1
8n,1
destroying,1
clinic,1
forgettable,1
sprout,1
clicked,1
grinning,1
villian,1
stolen,1
cultivates,1
warped,1
kirby,1
mmhmmm,1
traversing,1
respectful,1
americana,1
burnt,1
predicament,1
smoker,1
m6,1
widowmaker,1
4th,1
cheapshot,1
starfish,1
reckons,1
guarded,1
reconsising,1
redhead,1
continual,1
headstrong,1
researching,1
obnoxious,1
stripper,1
napoleon,1
manifest,1
refrain,1
aspiration,1
dissecting,1
awakening,1
inclined,1
statistic,1
owe,1
succeeding,1
spear,1
modding,1
viewing,1
scrap,1
fps,1
dyslexics,1
soooooooo,1
cage,1
realist,1
ohhhh,1
weighing,1
infection,1
noir,1
transformed,1
sylvester,1
frame,1
potshot,1
composition,1
paradise,1
1b,1
sébastien,1
